Message ID,Sent time,Ack Sent Time,Ack Recv Time,
1,1395496511599,1395496511717,1395496511727,
2,1395496511606,1395496511721,1395496511727,
3,1395496511607,1395496511722,1395496511728,
4,1395496511608,1395496511723,1395496511728,
5,1395496511609,1395496511725,1395496511776,
6,1395496511609,1395496511726,1395496511777,
7,1395496511610,1395496511728,1395496511778,
8,1395496511610,1395496511729,1395496511778,
9,1395496511611,1395496511730,1395496511779,
10,1395496511612,1395496511731,1395496511779,
11,1395496511612,1395496511732,1395496511780,
12,1395496511613,1395496511732,1395496511780,
13,1395496511614,1395496511733,1395496511781,
14,1395496511614,1395496511734,1395496511781,
15,1395496511615,1395496511735,1395496511782,
16,1395496511616,1395496511736,1395496511783,
17,1395496511616,1395496511737,1395496511783,
18,1395496511617,1395496511738,1395496511784,
19,1395496511618,1395496511739,1395496511785,
20,1395496511618,1395496511740,1395496511785,
21,1395496511619,1395496511741,1395496511786,
22,1395496511620,1395496511742,1395496511786,
23,1395496511620,1395496511742,1395496511787,
24,1395496511621,1395496511743,1395496511788,
25,1395496511622,1395496511744,1395496511788,
26,1395496511622,1395496511745,1395496511789,
27,1395496511623,1395496511746,1395496511790,
28,1395496511624,1395496511747,1395496511790,
29,1395496511624,1395496511748,1395496511791,
30,1395496511625,1395496511749,1395496511791,
31,1395496511626,1395496511751,1395496511792,
32,1395496511626,1395496511752,1395496511793,
33,1395496511627,1395496511753,1395496511793,
34,1395496511628,1395496511754,1395496511794,
35,1395496511628,1395496511755,1395496511795,
36,1395496511629,1395496511756,1395496511795,
37,1395496511629,1395496511758,1395496511796,
38,1395496511630,1395496511759,1395496511797,
39,1395496511631,1395496511760,1395496511797,
40,1395496511631,1395496511762,1395496511798,
41,1395496511632,1395496511763,1395496511798,
42,1395496511633,1395496511765,1395496511799,
43,1395496511633,1395496511766,1395496511800,
44,1395496511634,1395496511767,1395496511801,
45,1395496511635,1395496511769,1395496511802,
46,1395496511635,1395496511770,1395496511802,
47,1395496511636,1395496511771,1395496511803,
48,1395496511637,1395496511772,1395496511803,
49,1395496511637,1395496511774,1395496511804,
50,1395496511638,1395496511776,1395496511805,
51,1395496511639,1395496511777,1395496511805,
52,1395496511639,1395496511807,1395496511811,
53,1395496511640,1395496511808,1395496511914,
54,1395496511641,1395496511810,1395496511915,
55,1395496511641,1395496511811,1395496511916,
56,1395496511642,1395496511812,1395496511916,
57,1395496511643,1395496511814,1395496511917,
58,1395496511643,1395496511815,1395496511917,
59,1395496511644,1395496511817,1395496511918,
60,1395496511645,1395496511818,1395496511918,
61,1395496511645,1395496511820,1395496511919,
62,1395496511646,1395496511821,1395496511920,
63,1395496511647,1395496511822,1395496511920,
64,1395496511647,1395496511824,1395496511921,
65,1395496511648,1395496511825,1395496511921,
66,1395496511648,1395496511827,1395496511922,
67,1395496511649,1395496511828,1395496511922,
68,1395496511650,1395496511829,1395496511924,
69,1395496511650,1395496511831,1395496511926,
70,1395496511651,1395496511832,1395496511927,
71,1395496511651,1395496511833,1395496511931,
72,1395496511652,1395496511835,1395496511932,
73,1395496511653,1395496511836,1395496511932,
74,1395496511653,1395496511838,1395496511933,
75,1395496511654,1395496511839,1395496511933,
76,1395496511655,1395496511840,1395496511936,
77,1395496511655,1395496511842,1395496511937,
78,1395496511656,1395496511843,1395496511937,
79,1395496511656,1395496511844,1395496511938,
80,1395496511657,1395496511846,1395496511938,
81,1395496511658,1395496511847,1395496511939,
82,1395496511658,1395496511848,1395496511939,
83,1395496511659,1395496511849,1395496511940,
84,1395496511659,1395496511851,1395496511941,
85,1395496511660,1395496511852,1395496511941,
86,1395496511661,1395496511854,1395496511942,
87,1395496511661,1395496511855,1395496511942,
88,1395496511662,1395496511856,1395496511943,
89,1395496511662,1395496511858,1395496511946,
90,1395496511663,1395496511859,1395496511947,
91,1395496511663,1395496511860,1395496511947,
92,1395496511664,1395496511861,1395496511948,
93,1395496511665,1395496511862,1395496511954,
94,1395496511665,1395496511863,1395496511955,
95,1395496511666,1395496511864,1395496511955,
96,1395496511666,1395496511865,1395496511956,
97,1395496511667,1395496511867,1395496511959,
98,1395496511668,1395496511868,1395496511960,
99,1395496511668,1395496511870,1395496511960,
100,1395496511669,1395496511871,1395496511961,
101,1395496511670,1395496511873,1395496511961,
102,1395496511671,1395496511874,1395496511962,
103,1395496511672,1395496511875,1395496511962,
104,1395496511673,1395496511876,1395496511963,
105,1395496511674,1395496511877,1395496511963,
106,1395496511675,1395496511878,1395496511964,
107,1395496511676,1395496511879,1395496511964,
108,1395496511677,1395496511879,1395496511964,
109,1395496511678,1395496511880,1395496511965,
110,1395496511678,1395496511882,1395496511965,
111,1395496511679,1395496511883,1395496511966,
112,1395496511680,1395496511885,1395496511966,
113,1395496511680,1395496511886,1395496511967,
114,1395496511681,1395496511887,1395496511968,
115,1395496511681,1395496511889,1395496511969,
116,1395496511682,1395496511890,1395496511969,
117,1395496511682,1395496511891,1395496511970,
118,1395496511683,1395496511893,1395496511971,
119,1395496511684,1395496511894,1395496511971,
120,1395496511684,1395496511895,1395496511972,
121,1395496511685,1395496511897,1395496511972,
122,1395496511685,1395496511900,1395496511973,
123,1395496511686,1395496511902,1395496511974,
124,1395496511687,1395496511903,1395496511974,
125,1395496511687,1395496511905,1395496511975,
126,1395496511688,1395496511906,1395496511975,
127,1395496511688,1395496511907,1395496511976,
128,1395496511692,1395496511908,1395496511976,
129,1395496511693,1395496511909,1395496511977,
130,1395496511693,1395496511911,1395496511977,
131,1395496511694,1395496511912,1395496511978,
132,1395496511695,1395496511913,1395496511978,
133,1395496511696,1395496511915,1395496511979,
134,1395496511697,1395496511916,1395496511979,
135,1395496511697,1395496511917,1395496511980,
136,1395496511698,1395496511919,1395496511981,
137,1395496511699,1395496511920,1395496511981,
138,1395496511699,1395496511923,1395496511982,
139,1395496511700,1395496511924,1395496511982,
140,1395496511701,1395496511926,1395496511983,
141,1395496511701,1395496511927,1395496511983,
142,1395496511702,1395496511928,1395496511983,
143,1395496511703,1395496511929,1395496511984,
144,1395496511703,1395496511933,1395496511984,
145,1395496511704,1395496511935,1395496511985,
146,1395496511705,1395496511936,1395496511985,
147,1395496511705,1395496511937,1395496511986,
148,1395496511706,1395496511938,1395496511986,
149,1395496511707,1395496511940,1395496511987,
150,1395496511708,1395496511941,1395496511987,
151,1395496511708,1395496511947,1395496511988,
152,1395496511709,1395496511948,1395496511993,
153,1395496511710,1395496511949,1395496511993,
154,1395496511711,1395496511951,1395496512015,
155,1395496511712,1395496511952,1395496512016,
156,1395496511712,1395496511953,1395496512019,
157,1395496511713,1395496511954,1395496512019,
158,1395496511804,1395496511955,1395496512122,
159,1395496511805,1395496511958,1395496512122,
160,1395496511806,1395496511959,1395496512123,
161,1395496511807,1395496511960,1395496512123,
162,1395496511808,1395496511962,1395496512124,
163,1395496511809,1395496511963,1395496512124,
164,1395496511809,1395496511964,1395496512125,
165,1395496511810,1395496511965,1395496512125,
166,1395496511811,1395496511966,1395496512125,
167,1395496511812,1395496511968,1395496512126,
168,1395496511813,1395496511969,1395496512126,
169,1395496511814,1395496511970,1395496512127,
170,1395496511815,1395496511971,1395496512127,
171,1395496511817,1395496511973,1395496512128,
172,1395496511817,1395496511974,1395496512128,
173,1395496511818,1395496511975,1395496512129,
174,1395496511819,1395496511977,1395496512129,
175,1395496511820,1395496511978,1395496512129,
176,1395496511821,1395496511979,1395496512130,
177,1395496511821,1395496511981,1395496512130,
178,1395496511822,1395496511982,1395496512131,
179,1395496511823,1395496511983,1395496512131,
180,1395496511824,1395496511984,1395496512132,
181,1395496511824,1395496511987,1395496512132,
182,1395496511825,1395496511989,1395496512133,
183,1395496511826,1395496511990,1395496512133,
184,1395496511827,1395496511991,1395496512134,
185,1395496511828,1395496511992,1395496512134,
186,1395496511829,1395496511993,1395496512134,
187,1395496511829,1395496511994,1395496512135,
188,1395496511830,1395496511995,1395496512135,
189,1395496511831,1395496511997,1395496512136,
190,1395496511832,1395496511998,1395496512136,
191,1395496511833,1395496511999,1395496512137,
192,1395496511834,1395496512000,1395496512137,
193,1395496511834,1395496512002,1395496512137,
194,1395496511835,1395496512003,1395496512138,
195,1395496511836,1395496512004,1395496512138,
196,1395496511837,1395496512005,1395496512139,
197,1395496511838,1395496512006,1395496512139,
198,1395496511838,1395496512007,1395496512140,
199,1395496511839,1395496512008,1395496512140,
200,1395496511840,1395496512010,1395496512140,
201,1395496511841,1395496512011,1395496512141,
202,1395496511841,1395496512012,1395496512142,
203,1395496511842,1395496512013,1395496512142,
204,1395496511842,1395496512014,1395496512145,
205,1395496511843,1395496512015,1395496512147,
206,1395496511844,1395496512016,1395496512148,
207,1395496511844,1395496512017,1395496512148,
208,1395496511845,1395496512019,1395496512149,
209,1395496511846,1395496512020,1395496512149,
210,1395496511847,1395496512021,1395496512150,
211,1395496511848,1395496512022,1395496512151,
212,1395496511848,1395496512023,1395496512152,
213,1395496511849,1395496512024,1395496512152,
214,1395496511850,1395496512026,1395496512153,
215,1395496511851,1395496512027,1395496512153,
216,1395496511852,1395496512028,1395496512154,
217,1395496511852,1395496512029,1395496512155,
218,1395496511853,1395496512031,1395496512155,
219,1395496511854,1395496512032,1395496512156,
220,1395496511855,1395496512033,1395496512156,
221,1395496511855,1395496512036,1395496512157,
222,1395496511856,1395496512037,1395496512158,
223,1395496511857,1395496512038,1395496512159,
224,1395496511858,1395496512039,1395496512159,
225,1395496511858,1395496512041,1395496512159,
226,1395496511859,1395496512042,1395496512160,
227,1395496511860,1395496512043,1395496512160,
228,1395496511861,1395496512044,1395496512161,
229,1395496511862,1395496512045,1395496512161,
230,1395496511862,1395496512046,1395496512161,
231,1395496511863,1395496512047,1395496512162,
232,1395496511864,1395496512048,1395496512162,
233,1395496511865,1395496512050,1395496512163,
234,1395496511866,1395496512051,1395496512163,
235,1395496511866,1395496512052,1395496512163,
236,1395496511868,1395496512053,1395496512164,
237,1395496511868,1395496512054,1395496512164,
238,1395496511869,1395496512055,1395496512171,
239,1395496511870,1395496512056,1395496512171,
240,1395496511871,1395496512057,1395496512171,
241,1395496511872,1395496512058,1395496512172,
242,1395496511872,1395496512059,1395496512172,
243,1395496511873,1395496512061,1395496512172,
244,1395496511880,1395496512062,1395496512173,
245,1395496511881,1395496512063,1395496512173,
246,1395496511882,1395496512064,1395496512174,
247,1395496511883,1395496512065,1395496512174,
248,1395496511884,1395496512066,1395496512174,
249,1395496511884,1395496512067,1395496512175,
250,1395496511885,1395496512068,1395496512175,
251,1395496511886,1395496512069,1395496512176,
252,1395496511887,1395496512070,1395496512176,
253,1395496511888,1395496512072,1395496512176,
254,1395496511888,1395496512073,1395496512177,
255,1395496511889,1395496512074,1395496512177,
256,1395496511890,1395496512075,1395496512177,
257,1395496511891,1395496512076,1395496512178,
258,1395496511892,1395496512077,1395496512178,
259,1395496511893,1395496512106,1395496512179,
260,1395496511894,1395496512108,1395496512179,
261,1395496511895,1395496512109,1395496512179,
262,1395496511896,1395496512110,1395496512180,
263,1395496511897,1395496512111,1395496512180,
264,1395496511898,1395496512112,1395496512183,
265,1395496511898,1395496512113,1395496512183,
266,1395496511899,1395496512114,1395496512184,
267,1395496511900,1395496512115,1395496512184,
268,1395496511901,1395496512121,1395496512185,
269,1395496511902,1395496512123,1395496512185,
270,1395496511903,1395496512124,1395496512223,
271,1395496511903,1395496512125,1395496512223,
272,1395496511906,1395496512126,1395496512225,
273,1395496511907,1395496512127,1395496512226,
274,1395496511908,1395496512128,1395496512227,
275,1395496511908,1395496512129,1395496512227,
276,1395496511909,1395496512130,1395496512228,
277,1395496511910,1395496512131,1395496512228,
278,1395496511911,1395496512132,1395496512228,
279,1395496511912,1395496512133,1395496512229,
280,1395496511912,1395496512135,1395496512229,
281,1395496511913,1395496512136,1395496512230,
282,1395496511914,1395496512137,1395496512231,
283,1395496511915,1395496512138,1395496512231,
284,1395496511917,1395496512139,1395496512232,
285,1395496511917,1395496512140,1395496512232,
286,1395496511918,1395496512141,1395496512233,
287,1395496511919,1395496512142,1395496512233,
288,1395496511921,1395496512143,1395496512233,
289,1395496511922,1395496512144,1395496512234,
290,1395496511923,1395496512145,1395496512234,
291,1395496511924,1395496512146,1395496512234,
292,1395496511924,1395496512147,1395496512235,
293,1395496511925,1395496512148,1395496512235,
294,1395496511927,1395496512149,1395496512235,
295,1395496511928,1395496512150,1395496512236,
296,1395496511930,1395496512152,1395496512236,
297,1395496511931,1395496512153,1395496512236,
298,1395496511931,1395496512154,1395496512237,
299,1395496511932,1395496512155,1395496512237,
300,1395496511939,1395496512156,1395496512238,
301,1395496511939,1395496512157,1395496512238,
302,1395496511940,1395496512158,1395496512238,
303,1395496511941,1395496512159,1395496512238,
304,1395496511944,1395496512160,1395496512239,
305,1395496511945,1395496512161,1395496512239,
306,1395496511946,1395496512162,1395496512240,
307,1395496511948,1395496512174,1395496512240,
308,1395496511949,1395496512175,1395496512240,
309,1395496511949,1395496512176,1395496512241,
310,1395496511950,1395496512177,1395496512241,
311,1395496511951,1395496512177,1395496512242,
312,1395496511952,1395496512178,1395496512242,
313,1395496511953,1395496512179,1395496512242,
314,1395496511953,1395496512180,1395496512243,
315,1395496511956,1395496512181,1395496512243,
316,1395496511957,1395496512183,1395496512244,
317,1395496511958,1395496512184,1395496512244,
318,1395496511958,1395496512185,1395496512245,
319,1395496511959,1395496512185,1395496512245,
320,1395496511960,1395496512187,1395496512246,
321,1395496511960,1395496512187,1395496512246,
322,1395496511961,1395496512188,1395496512246,
323,1395496511962,1395496512189,1395496512247,
324,1395496511963,1395496512190,1395496512247,
325,1395496511963,1395496512191,1395496512248,
326,1395496511964,1395496512192,1395496512248,
327,1395496511965,1395496512194,1395496512248,
328,1395496511965,1395496512195,1395496512249,
329,1395496511966,1395496512196,1395496512249,
330,1395496511967,1395496512197,1395496512250,
331,1395496511968,1395496512198,1395496512250,
332,1395496511969,1395496512199,1395496512251,
333,1395496511969,1395496512200,1395496512251,
334,1395496511970,1395496512201,1395496512251,
335,1395496511971,1395496512202,1395496512252,
336,1395496511972,1395496512203,1395496512252,
337,1395496511972,1395496512204,1395496512253,
338,1395496511973,1395496512205,1395496512253,
339,1395496511974,1395496512208,1395496512254,
340,1395496511975,1395496512214,1395496512254,
341,1395496511975,1395496512216,1395496512254,
342,1395496511976,1395496512217,1395496512255,
343,1395496511977,1395496512218,1395496512255,
344,1395496511978,1395496512220,1395496512255,
345,1395496511979,1395496512226,1395496512256,
346,1395496511979,1395496512230,1395496512256,
347,1395496511980,1395496512233,1395496512256,
348,1395496511981,1395496512240,1395496512257,
349,1395496511982,1395496512241,1395496512257,
350,1395496511982,1395496512242,1395496512257,
351,1395496511983,1395496512244,1395496512258,
352,1395496511984,1395496512246,1395496512258,
353,1395496511985,1395496512247,1395496512259,
354,1395496511986,1395496512249,1395496512259,
355,1395496511986,1395496512251,1395496512259,
356,1395496511987,1395496512252,1395496512260,
357,1395496511988,1395496512253,1395496512260,
358,1395496511989,1395496512254,1395496512261,
359,1395496511989,1395496512255,1395496512261,
360,1395496511990,1395496512256,1395496512261,
361,1395496511991,1395496512257,1395496512265,
362,1395496511991,1395496512259,1395496512266,
363,1395496511992,1395496512260,1395496512266,
364,1395496511993,1395496512262,1395496512267,
365,1395496512011,1395496512263,1395496512268,
366,1395496512011,1395496512264,1395496512268,
367,1395496512012,1395496512270,1395496512274,
368,1395496512013,1395496512271,1395496512287,
369,1395496512014,1395496512272,1395496512287,
370,1395496512014,1395496512273,1395496512288,
371,1395496512015,1395496512276,1395496512289,
372,1395496512018,1395496512277,1395496512289,
373,1395496512020,1395496512278,1395496512289,
374,1395496512020,1395496512279,1395496512290,
375,1395496512021,1395496512280,1395496512290,
376,1395496512022,1395496512281,1395496512291,
377,1395496512022,1395496512282,1395496512291,
378,1395496512023,1395496512285,1395496512292,
379,1395496512024,1395496512289,1395496512293,
380,1395496512025,1395496512293,1395496512297,
381,1395496512026,1395496512295,1395496512299,
382,1395496512027,1395496512296,1395496512299,
383,1395496512027,1395496512297,1395496512300,
384,1395496512028,1395496512298,1395496512302,
385,1395496512029,1395496512299,1395496512305,
386,1395496512030,1395496512300,1395496512305,
387,1395496512030,1395496512301,1395496512305,
388,1395496512031,1395496512303,1395496512307,
389,1395496512032,1395496512304,1395496512307,
390,1395496512033,1395496512305,1395496512308,
391,1395496512034,1395496512306,1395496512310,
392,1395496512034,1395496512307,1395496512311,
393,1395496512035,1395496512308,1395496512312,
394,1395496512036,1395496512309,1395496512314,
395,1395496512036,1395496512310,1395496512316,
396,1395496512037,1395496512311,1395496512316,
397,1395496512038,1395496512312,1395496512317,
398,1395496512038,1395496512317,1395496512320,
399,1395496512039,1395496512318,1395496512322,
400,1395496512040,1395496512321,1395496512323,
401,1395496512041,1395496512323,1395496512330,
402,1395496512041,1395496512324,1395496512331,
403,1395496512042,1395496512325,1395496512332,
404,1395496512043,1395496512327,1395496512332,
405,1395496512043,1395496512328,1395496512333,
406,1395496512044,1395496512329,1395496512333,
407,1395496512045,1395496512330,1395496512333,
408,1395496512045,1395496512331,1395496512334,
409,1395496512046,1395496512332,1395496512339,
410,1395496512047,1395496512334,1395496512339,
411,1395496512048,1395496512335,1395496512344,
412,1395496512048,1395496512336,1395496512346,
413,1395496512049,1395496512337,1395496512346,
414,1395496512050,1395496512338,1395496512347,
415,1395496512051,1395496512339,1395496512347,
416,1395496512059,1395496512340,1395496512347,
417,1395496512060,1395496512341,1395496512348,
418,1395496512060,1395496512342,1395496512348,
419,1395496512061,1395496512343,1395496512352,
420,1395496512062,1395496512350,1395496512355,
421,1395496512063,1395496512351,1395496512357,
422,1395496512063,1395496512352,1395496512358,
423,1395496512064,1395496512354,1395496512359,
424,1395496512065,1395496512355,1395496512359,
425,1395496512066,1395496512360,1395496512362,
426,1395496512066,1395496512363,1395496512368,
427,1395496512067,1395496512365,1395496512373,
428,1395496512068,1395496512373,1395496512378,
429,1395496512068,1395496512376,1395496512382,
430,1395496512069,1395496512377,1395496512382,
431,1395496512070,1395496512378,1395496512383,
432,1395496512071,1395496512379,1395496512383,
433,1395496512071,1395496512380,1395496512387,
434,1395496512072,1395496512382,1395496512388,
435,1395496512073,1395496512383,1395496512388,
436,1395496512073,1395496512384,1395496512389,
437,1395496512074,1395496512385,1395496512390,
438,1395496512075,1395496512386,1395496512395,
439,1395496512075,1395496512388,1395496512396,
440,1395496512076,1395496512389,1395496512397,
441,1395496512077,1395496512390,1395496512399,
442,1395496512077,1395496512391,1395496512400,
443,1395496512078,1395496512392,1395496512401,
444,1395496512079,1395496512393,1395496512401,
445,1395496512079,1395496512394,1395496512401,
446,1395496512080,1395496512395,1395496512402,
447,1395496512081,1395496512395,1395496512402,
448,1395496512081,1395496512396,1395496512403,
449,1395496512082,1395496512397,1395496512403,
450,1395496512082,1395496512399,1395496512404,
451,1395496512083,1395496512401,1395496512407,
452,1395496512083,1395496512404,1395496512408,
453,1395496512084,1395496512405,1395496512409,
454,1395496512084,1395496512406,1395496512410,
455,1395496512084,1395496512407,1395496512415,
456,1395496512085,1395496512408,1395496512415,
457,1395496512085,1395496512409,1395496512416,
458,1395496512086,1395496512410,1395496512416,
459,1395496512086,1395496512411,1395496512416,
460,1395496512087,1395496512412,1395496512417,
461,1395496512087,1395496512415,1395496512440,
462,1395496512087,1395496512417,1395496512440,
463,1395496512088,1395496512417,1395496512440,
464,1395496512088,1395496512418,1395496512441,
465,1395496512089,1395496512419,1395496512441,
466,1395496512090,1395496512425,1395496512441,
467,1395496512090,1395496512426,1395496512441,
468,1395496512091,1395496512427,1395496512442,
469,1395496512092,1395496512428,1395496512442,
470,1395496512092,1395496512428,1395496512442,
471,1395496512093,1395496512429,1395496512443,
472,1395496512093,1395496512430,1395496512443,
473,1395496512094,1395496512431,1395496512444,
474,1395496512094,1395496512432,1395496512444,
475,1395496512095,1395496512433,1395496512444,
476,1395496512096,1395496512434,1395496512445,
477,1395496512096,1395496512440,1395496512447,
478,1395496512097,1395496512446,1395496512453,
479,1395496512098,1395496512454,1395496512456,
480,1395496512099,1395496512455,1395496512457,
481,1395496512099,1395496512456,1395496512458,
482,1395496512100,1395496512457,1395496512465,
483,1395496512101,1395496512458,1395496512465,
484,1395496512102,1395496512459,1395496512465,
485,1395496512102,1395496512460,1395496512466,
486,1395496512103,1395496512461,1395496512466,
487,1395496512104,1395496512462,1395496512469,
488,1395496512104,1395496512463,1395496512470,
489,1395496512105,1395496512464,1395496512470,
490,1395496512106,1395496512465,1395496512471,
491,1395496512106,1395496512466,1395496512471,
492,1395496512107,1395496512466,1395496512477,
493,1395496512108,1395496512467,1395496512477,
494,1395496512109,1395496512468,1395496512478,
495,1395496512109,1395496512469,1395496512478,
496,1395496512110,1395496512470,1395496512478,
497,1395496512110,1395496512471,1395496512478,
498,1395496512111,1395496512471,1395496512479,
499,1395496512113,1395496512472,1395496512479,
500,1395496512113,1395496512473,1395496512479,
501,1395496512114,1395496512474,1395496512481,
502,1395496512115,1395496512475,1395496512481,
503,1395496512115,1395496512475,1395496512481,
504,1395496512116,1395496512476,1395496512482,
505,1395496512116,1395496512477,1395496512482,
506,1395496512117,1395496512478,1395496512482,
507,1395496512118,1395496512480,1395496512485,
508,1395496512118,1395496512483,1395496512487,
509,1395496512119,1395496512484,1395496512488,
510,1395496512120,1395496512486,1395496512489,
511,1395496512146,1395496512487,1395496512490,
512,1395496512146,1395496512488,1395496512491,
513,1395496512147,1395496512489,1395496512492,
514,1395496512148,1395496512490,1395496512493,
515,1395496512148,1395496512490,1395496512493,
516,1395496512149,1395496512491,1395496512494,
517,1395496512150,1395496512492,1395496512495,
518,1395496512151,1395496512495,1395496512497,
519,1395496512152,1395496512496,1395496512499,
520,1395496512152,1395496512498,1395496512502,
521,1395496512153,1395496512499,1395496512502,
522,1395496512154,1395496512500,1395496512503,
523,1395496512154,1395496512501,1395496512505,
524,1395496512155,1395496512502,1395496512505,
525,1395496512156,1395496512504,1395496512508,
526,1395496512156,1395496512507,1395496512510,
527,1395496512157,1395496512508,1395496512511,
528,1395496512158,1395496512509,1395496512513,
529,1395496512158,1395496512511,1395496512515,
530,1395496512159,1395496512512,1395496512515,
531,1395496512160,1395496512513,1395496512516,
532,1395496512160,1395496512514,1395496512517,
533,1395496512161,1395496512515,1395496512517,
534,1395496512161,1395496512515,1395496512519,
535,1395496512163,1395496512516,1395496512519,
536,1395496512163,1395496512517,1395496512521,
537,1395496512164,1395496512518,1395496512521,
538,1395496512164,1395496512519,1395496512521,
539,1395496512165,1395496512519,1395496512524,
540,1395496512165,1395496512520,1395496512524,
541,1395496512166,1395496512522,1395496512525,
542,1395496512167,1395496512524,1395496512526,
543,1395496512167,1395496512526,1395496512528,
544,1395496512168,1395496512527,1395496512529,
545,1395496512168,1395496512528,1395496512530,
546,1395496512169,1395496512529,1395496512532,
547,1395496512170,1395496512529,1395496512532,
548,1395496512199,1395496512530,1395496512534,
549,1395496512200,1395496512531,1395496512535,
550,1395496512200,1395496512532,1395496512535,
551,1395496512201,1395496512533,1395496512537,
552,1395496512202,1395496512533,1395496512537,
553,1395496512202,1395496512537,1395496512539,
554,1395496512203,1395496512537,1395496512540,
555,1395496512204,1395496512538,1395496512541,
556,1395496512204,1395496512539,1395496512542,
557,1395496512205,1395496512540,1395496512542,
558,1395496512206,1395496512540,1395496512543,
559,1395496512206,1395496512541,1395496512544,
560,1395496512207,1395496512542,1395496512545,
561,1395496512207,1395496512543,1395496512547,
562,1395496512208,1395496512546,1395496512555,
563,1395496512209,1395496512547,1395496512556,
564,1395496512209,1395496512548,1395496512556,
565,1395496512210,1395496512549,1395496512556,
566,1395496512212,1395496512550,1395496512557,
567,1395496512213,1395496512552,1395496512557,
568,1395496512214,1395496512554,1395496512557,
569,1395496512215,1395496512557,1395496512559,
570,1395496512215,1395496512558,1395496512563,
571,1395496512216,1395496512559,1395496512563,
572,1395496512217,1395496512560,1395496512564,
573,1395496512217,1395496512561,1395496512564,
574,1395496512218,1395496512562,1395496512565,
575,1395496512250,1395496512565,1395496512567,
576,1395496512251,1395496512566,1395496512568,
577,1395496512252,1395496512568,1395496512570,
578,1395496512264,1395496512569,1395496512571,
579,1395496512265,1395496512571,1395496512573,
580,1395496512266,1395496512571,1395496512574,
581,1395496512266,1395496512572,1395496512575,
582,1395496512267,1395496512573,1395496512576,
583,1395496512267,1395496512574,1395496512576,
584,1395496512268,1395496512575,1395496512580,
585,1395496512269,1395496512576,1395496512580,
586,1395496512269,1395496512576,1395496512581,
587,1395496512270,1395496512577,1395496512581,
588,1395496512271,1395496512578,1395496512581,
589,1395496512271,1395496512581,1395496512583,
590,1395496512272,1395496512582,1395496512585,
591,1395496512273,1395496512583,1395496512587,
592,1395496512273,1395496512584,1395496512587,
593,1395496512274,1395496512585,1395496512587,
594,1395496512274,1395496512586,1395496512593,
595,1395496512275,1395496512586,1395496512593,
596,1395496512276,1395496512587,1395496512594,
597,1395496512276,1395496512588,1395496512594,
598,1395496512280,1395496512589,1395496512594,
599,1395496512280,1395496512589,1395496512594,
600,1395496512281,1395496512590,1395496512595,
601,1395496512282,1395496512591,1395496512596,
602,1395496512283,1395496512595,1395496512598,
603,1395496512283,1395496512596,1395496512598,
604,1395496512284,1395496512597,1395496512601,
605,1395496512285,1395496512597,1395496512602,
606,1395496512285,1395496512598,1395496512603,
607,1395496512286,1395496512599,1395496512609,
608,1395496512286,1395496512600,1395496512609,
609,1395496512292,1395496512600,1395496512610,
610,1395496512292,1395496512601,1395496512610,
611,1395496512293,1395496512602,1395496512610,
612,1395496512294,1395496512603,1395496512611,
613,1395496512294,1395496512604,1395496512611,
614,1395496512295,1395496512604,1395496512611,
615,1395496512295,1395496512610,1395496512613,
616,1395496512296,1395496512612,1395496512614,
617,1395496512297,1395496512613,1395496512616,
618,1395496512297,1395496512614,1395496512616,
619,1395496512298,1395496512615,1395496512618,
620,1395496512299,1395496512616,1395496512623,
621,1395496512300,1395496512616,1395496512624,
622,1395496512302,1395496512617,1395496512625,
623,1395496512302,1395496512618,1395496512625,
624,1395496512304,1395496512619,1395496512625,
625,1395496512305,1395496512619,1395496512625,
626,1395496512306,1395496512620,1395496512626,
627,1395496512307,1395496512620,1395496512626,
628,1395496512307,1395496512621,1395496512626,
629,1395496512308,1395496512622,1395496512627,
630,1395496512308,1395496512622,1395496512627,
631,1395496512309,1395496512623,1395496512627,
632,1395496512309,1395496512624,1395496512634,
633,1395496512310,1395496512627,1395496512635,
634,1395496512311,1395496512627,1395496512635,
635,1395496512311,1395496512628,1395496512635,
636,1395496512312,1395496512629,1395496512636,
637,1395496512312,1395496512631,1395496512642,
638,1395496512313,1395496512632,1395496512643,
639,1395496512313,1395496512632,1395496512643,
640,1395496512314,1395496512633,1395496512644,
641,1395496512315,1395496512634,1395496512644,
642,1395496512315,1395496512635,1395496512644,
643,1395496512316,1395496512635,1395496512644,
644,1395496512317,1395496512636,1395496512645,
645,1395496512317,1395496512637,1395496512645,
646,1395496512322,1395496512637,1395496512645,
647,1395496512323,1395496512638,1395496512645,
648,1395496512323,1395496512639,1395496512651,
649,1395496512324,1395496512639,1395496512652,
650,1395496512325,1395496512640,1395496512652,
651,1395496512325,1395496512640,1395496512653,
652,1395496512326,1395496512642,1395496512653,
653,1395496512326,1395496512642,1395496512654,
654,1395496512327,1395496512643,1395496512654,
655,1395496512327,1395496512644,1395496512654,
656,1395496512328,1395496512645,1395496512654,
657,1395496512329,1395496512645,1395496512655,
658,1395496512329,1395496512647,1395496512655,
659,1395496512330,1395496512647,1395496512655,
660,1395496512331,1395496512648,1395496512658,
661,1395496512332,1395496512649,1395496512658,
662,1395496512333,1395496512650,1395496512659,
663,1395496512335,1395496512650,1395496512659,
664,1395496512336,1395496512651,1395496512660,
665,1395496512337,1395496512652,1395496512660,
666,1395496512338,1395496512652,1395496512660,
667,1395496512339,1395496512653,1395496512660,
668,1395496512341,1395496512654,1395496512674,
669,1395496512341,1395496512657,1395496512675,
670,1395496512342,1395496512658,1395496512675,
671,1395496512343,1395496512659,1395496512675,
672,1395496512344,1395496512659,1395496512676,
673,1395496512344,1395496512660,1395496512676,
674,1395496512345,1395496512661,1395496512677,
675,1395496512346,1395496512662,1395496512677,
676,1395496512356,1395496512663,1395496512677,
677,1395496512357,1395496512663,1395496512677,
678,1395496512358,1395496512664,1395496512678,
679,1395496512358,1395496512665,1395496512678,
680,1395496512361,1395496512665,1395496512678,
681,1395496512361,1395496512666,1395496512678,
682,1395496512362,1395496512667,1395496512679,
683,1395496512363,1395496512667,1395496512679,
684,1395496512368,1395496512668,1395496512679,
685,1395496512369,1395496512669,1395496512679,
686,1395496512369,1395496512669,1395496512680,
687,1395496512370,1395496512670,1395496512680,
688,1395496512370,1395496512671,1395496512684,
689,1395496512371,1395496512672,1395496512684,
690,1395496512371,1395496512673,1395496512685,
691,1395496512372,1395496512673,1395496512685,
692,1395496512374,1395496512674,1395496512685,
693,1395496512375,1395496512675,1395496512685,
694,1395496512375,1395496512675,1395496512686,
695,1395496512378,1395496512676,1395496512686,
696,1395496512381,1395496512677,1395496512686,
697,1395496512382,1395496512678,1395496512686,
698,1395496512390,1395496512679,1395496512687,
699,1395496512391,13