Message ID,Result,Sent time,Ack Sent Time,Ack Recv Time,
2,1,1395581378695,1395581378706,1395581378714,
2,-1,0,1395581378716,1395581378717,
3,1,1395581378698,1395581378717,1395581378718,
3,-1,0,1395581378718,1395581378719,
4,1,1395581378699,1395581378718,1395581378720,
4,-1,0,1395581378720,1395581378721,
5,1,1395581378699,1395581378720,1395581378722,
5,-1,0,1395581378722,1395581378723,
6,1,1395581378700,1395581378722,1395581378724,
6,-1,0,1395581378724,1395581378725,
7,1,1395581378701,1395581378725,1395581378726,
7,-1,0,1395581378726,1395581378728,
8,1,1395581378701,1395581378727,1395581378728,
8,-1,0,1395581378728,1395581378730,
9,1,1395581378702,1395581378729,1395581378731,
9,-1,0,1395581378731,1395581378732,
10,1,1395581378703,1395581378731,1395581378733,
10,-1,0,1395581378733,1395581378734,
11,1,1395581378703,1395581378733,1395581378735,
11,-1,0,1395581378735,1395581378737,
12,1,1395581378704,1395581378736,1395581378738,
12,-1,0,1395581378737,1395581378739,
13,1,1395581378705,1395581378738,1395581378740,
13,-1,0,1395581378739,1395581378741,
14,1,1395581378706,1395581378740,1395581378742,
14,-1,0,1395581378741,1395581378743,
15,1,1395581378706,1395581378742,1395581378744,
15,-1,0,1395581378743,1395581378746,
16,1,1395581378707,1395581378744,1395581378747,
16,-1,0,1395581378745,1395581378747,
17,1,1395581378708,1395581378746,1395581378749,
17,-1,0,1395581378748,1395581378750,
18,1,1395581378708,1395581378749,1395581378751,
18,-1,0,1395581378750,1395581378752,
19,1,1395581378709,1395581378751,1395581378753,
19,-1,0,1395581378753,1395581378755,
20,1,1395581378710,1395581378754,1395581378756,
20,-1,0,1395581378756,1395581378757,
21,1,1395581378710,1395581378756,1395581378758,
21,-1,0,1395581378758,1395581378759,
22,1,1395581378711,1395581378758,1395581378760,
22,-1,0,1395581378760,1395581378761,
23,1,1395581378712,1395581378760,1395581378762,
23,-1,0,1395581378762,1395581378763,
24,1,1395581378712,1395581378762,1395581378764,
24,-1,0,1395581378764,1395581378765,
25,1,1395581378713,1395581378764,1395581378766,
25,-1,0,1395581378765,1395581378767,
26,1,1395581378714,1395581378766,1395581378767,
26,-1,0,1395581378767,1395581378769,
27,1,1395581378714,1395581378768,1395581378769,
27,-1,0,1395581378769,1395581378771,
28,1,1395581378715,1395581378770,1395581378772,
28,-1,0,1395581378771,1395581378773,
29,1,1395581378716,1395581378772,1395581378774,
29,-1,0,1395581378773,1395581378775,
30,1,1395581378717,1395581378774,1395581378777,
30,-1,0,1395581378776,1395581378779,
31,1,1395581378717,1395581378777,1395581378779,
31,-1,0,1395581378778,1395581378780,
32,1,1395581378718,1395581378779,1395581378781,
32,-1,0,1395581378780,1395581378782,
33,1,1395581378718,1395581378781,1395581378783,
33,-1,0,1395581378782,1395581378784,
34,1,1395581378719,1395581378783,1395581378784,
34,-1,0,1395581378784,1395581378786,
35,1,1395581378720,1395581378785,1395581378786,
35,-1,0,1395581378786,1395581378788,
36,1,1395581378720,1395581378787,1395581378788,
36,-1,0,1395581378788,1395581378790,
37,1,1395581378721,1395581378789,1395581378791,
37,-1,0,1395581378790,1395581378792,
38,1,1395581378721,1395581378791,1395581378793,
38,-1,0,1395581378792,1395581378794,
39,1,1395581378722,1395581378793,1395581378795,
39,-1,0,1395581378794,1395581378796,
40,1,1395581378723,1395581378795,1395581378796,
40,-1,0,1395581378796,1395581378798,
41,1,1395581378724,1395581378797,1395581378798,
41,-1,0,1395581378798,1395581378799,
42,1,1395581378725,1395581378798,1395581378800,
42,-1,0,1395581378800,1395581378801,
43,1,1395581378725,1395581378800,1395581378802,
43,-1,0,1395581378802,1395581378803,
44,1,1395581378726,1395581378802,1395581378804,
44,-1,0,1395581378804,1395581378805,
45,1,1395581378727,1395581378804,1395581378806,
45,-1,0,1395581378806,1395581378808,
46,1,1395581378728,1395581378807,1395581378810,
46,-1,0,1395581378808,1395581378812,
47,1,1395581378728,1395581378809,1395581378812,
47,-1,0,1395581378810,1395581378813,
48,1,1395581378729,1395581378811,1395581378814,
48,-1,0,1395581378812,1395581378814,
49,1,1395581378730,1395581378813,1395581378815,
49,-1,0,1395581378814,1395581378815,
50,1,1395581378730,1395581378815,1395581378816,
50,-1,0,1395581378816,1395581378817,
51,1,1395581378731,1395581378817,1395581378818,
51,-1,0,1395581378818,1395581378819,
52,1,1395581378731,1395581378819,1395581378820,
52,-1,0,1395581378820,1395581378821,
53,1,1395581378732,1395581378820,1395581378822,
53,-1,0,1395581378821,1395581378823,
54,1,1395581378733,1395581378822,1395581378823,
54,-1,0,1395581378823,1395581378824,
55,1,1395581378733,1395581378824,1395581378825,
55,-1,0,1395581378825,1395581378827,
56,1,1395581378734,1395581378826,1395581378830,
56,-1,0,1395581378827,1395581378833,
57,1,1395581378734,1395581378827,1395581378835,
57,-1,0,1395581378829,1395581378835,
58,1,1395581378735,1395581378829,1395581378836,
58,-1,0,1395581378831,1395581378837,
59,1,1395581378736,1395581378831,1395581378837,
59,-1,0,1395581378833,1395581378837,
60,1,1395581378736,1395581378833,1395581378838,
60,-1,0,1395581378834,1395581378838,
61,1,1395581378737,1395581378835,1395581378838,
61,-1,0,1395581378837,1395581378839,
62,1,1395581378738,1395581378837,1395581378840,
62,-1,0,1395581378839,1395581378842,
63,1,1395581378738,1395581378840,1395581378842,
63,-1,0,1395581378841,1395581378844,
64,1,1395581378739,1395581378841,1395581378844,
64,-1,0,1395581378843,1395581378845,
65,1,1395581378740,1395581378843,1395581378845,
65,-1,0,1395581378845,1395581378847,
66,1,1395581378740,1395581378845,1395581378847,
66,-1,0,1395581378847,1395581378849,
67,1,1395581378741,1395581378848,1395581378849,
67,-1,0,1395581378849,1395581378850,
68,1,1395581378741,1395581378850,1395581378851,
68,-1,0,1395581378851,1395581378852,
69,1,1395581378742,1395581378851,1395581378853,
69,-1,0,1395581378853,1395581378854,
70,1,1395581378743,1395581378853,1395581378855,
70,-1,0,1395581378854,1395581378856,
71,1,1395581378743,1395581378855,1395581378860,
71,-1,0,1395581378856,1395581378860,
72,1,1395581378744,1395581378857,1395581378861,
72,-1,0,1395581378859,1395581378861,
73,1,1395581378745,1395581378859,1395581378861,
73,-1,0,1395581378861,1395581378862,
74,1,1395581378746,1395581378862,1395581378863,
74,-1,0,1395581378863,1395581378864,
75,1,1395581378746,1395581378864,1395581378865,
75,-1,0,1395581378865,1395581378866,
76,1,1395581378747,1395581378866,1395581378867,
76,-1,0,1395581378867,1395581378868,
77,1,1395581378748,1395581378867,1395581378869,
77,-1,0,1395581378868,1395581378870,
78,1,1395581378748,1395581378869,1395581378870,
78,-1,0,1395581378870,1395581378872,
79,1,1395581378749,1395581378871,1395581378872,
79,-1,0,1395581378872,1395581378873,
80,1,1395581378750,1395581378872,1395581378874,
80,-1,0,1395581378874,1395581378875,
81,1,1395581378750,1395581378874,1395581378876,
81,-1,0,1395581378875,1395581378877,
82,1,1395581378751,1395581378876,1395581378878,
82,-1,0,1395581378877,1395581378878,
83,1,1395581378752,1395581378878,1395581378879,
83,-1,0,1395581378879,1395581378880,
84,1,1395581378752,1395581378879,1395581378881,
84,-1,0,1395581378881,1395581378882,
85,1,1395581378753,1395581378881,1395581378882,
85,-1,0,1395581378882,1395581378883,
86,1,1395581378753,1395581378883,1395581378884,
86,-1,0,1395581378884,1395581378885,
87,1,1395581378754,1395581378885,1395581378886,
87,-1,0,1395581378886,1395581378887,
88,1,1395581378754,1395581378886,1395581378888,
88,-1,0,1395581378888,1395581378889,
89,1,1395581378755,1395581378888,1395581378889,
89,-1,0,1395581378889,1395581378890,
90,1,1395581378755,1395581378890,1395581378891,
90,-1,0,1395581378891,1395581378892,
91,1,1395581378756,1395581378892,1395581378893,
91,-1,0,1395581378893,1395581378894,
92,1,1395581378757,1395581378893,1395581378894,
92,-1,0,1395581378894,1395581378895,
93,1,1395581378757,1395581378894,1395581378895,
93,-1,0,1395581378895,1395581378896,
94,1,1395581378758,1395581378896,1395581378897,
94,-1,0,1395581378897,1395581378898,
95,1,1395581378758,1395581378897,1395581378899,
95,-1,0,1395581378898,1395581378899,
96,1,1395581378759,1395581378899,1395581378900,
96,-1,0,1395581378900,1395581378901,
97,1,1395581378760,1395581378900,1395581378902,
97,-1,0,1395581378902,1395581378903,
98,1,1395581378760,1395581378902,1395581378903,
98,-1,0,1395581378903,1395581378905,
99,1,1395581378761,1395581378904,1395581378905,
99,-1,0,1395581378905,1395581378906,
100,1,1395581378761,1395581378906,1395581378907,
100,-1,0,1395581378907,1395581378908,
101,1,1395581378762,1395581378907,1395581378909,
101,-1,0,1395581378909,1395581378910,
102,1,1395581378767,1395581378909,1395581378910,
102,-1,0,1395581378910,1395581378912,
103,1,1395581378767,1395581378911,1395581378912,
103,-1,0,1395581378912,1395581378915,
104,1,1395581378768,1395581378914,1395581378916,
104,-1,0,1395581378915,1395581378917,
105,1,1395581378769,1395581378916,1395581378918,
105,-1,0,1395581378917,1395581378919,
106,1,1395581378769,1395581378918,1395581378919,
106,-1,0,1395581378919,1395581378920,
107,1,1395581378770,1395581378919,1395581378921,
107,-1,0,1395581378921,1395581378922,
108,1,1395581378771,1395581378921,1395581378923,
108,-1,0,1395581378922,1395581378924,
109,1,1395581378771,1395581378923,1395581378924,
109,-1,0,1395581378924,1395581378925,
110,1,1395581378772,1395581378925,1395581378926,
110,-1,0,1395581378927,1395581378928,
111,1,1395581378773,1395581378927,1395581378929,
111,-1,0,1395581378928,1395581378930,
112,1,1395581378773,1395581378929,1395581378930,
112,-1,0,1395581378930,1395581378931,
113,1,1395581378774,1395581378931,1395581378932,
113,-1,0,1395581378932,1395581378933,
114,1,1395581378774,1395581378932,1395581378933,
114,-1,0,1395581378933,1395581378934,
115,1,1395581378775,1395581378934,1395581378935,
115,-1,0,1395581378935,1395581378936,
116,1,1395581378776,1395581378935,1395581378936,
116,-1,0,1395581378936,1395581378937,
117,1,1395581378777,1395581378937,1395581378938,
117,-1,0,1395581378938,1395581378939,
118,1,1395581378777,1395581378938,1395581378939,
118,-1,0,1395581378939,1395581378940,
119,1,1395581378778,1395581378940,1395581378941,
119,-1,0,1395581378941,1395581378942,
120,1,1395581378778,1395581378941,1395581378942,
120,-1,0,1395581378942,1395581378943,
121,1,1395581378779,1395581378943,1395581378944,
121,-1,0,1395581378944,1395581378945,
122,1,1395581378779,1395581378944,1395581378945,
122,-1,0,1395581378945,1395581378946,
123,1,1395581378780,1395581378946,1395581378947,
123,-1,0,1395581378947,1395581378948,
124,1,1395581378781,1395581378947,1395581378948,
124,-1,0,1395581378948,1395581378949,
125,1,1395581378781,1395581378948,1395581378950,
125,-1,0,1395581378949,1395581378951,
126,1,1395581378782,1395581378950,1395581378951,
126,-1,0,1395581378951,1395581378952,
127,1,1395581378782,1395581378951,1395581378953,
127,-1,0,1395581378953,1395581378954,
128,1,1395581378783,1395581378953,1395581378954,
128,-1,0,1395581378954,1395581378955,
129,1,1395581378784,1395581378955,1395581378956,
129,-1,0,1395581378956,1395581378957,
130,1,1395581378784,1395581378956,1395581378957,
130,-1,0,1395581378957,1395581378958,
131,1,1395581378785,1395581378958,1395581378959,
131,-1,0,1395581378958,1395581378959,
132,1,1395581378785,1395581378959,1395581378960,
132,-1,0,1395581378960,1395581378961,
133,1,1395581378786,1395581378960,1395581378961,
133,-1,0,1395581378961,1395581378962,
134,1,1395581378786,1395581378962,1395581378963,
134,-1,0,1395581378963,1395581378964,
135,1,1395581378787,1395581378963,1395581378964,
135,-1,0,1395581378964,1395581378965,
136,1,1395581378787,1395581378965,1395581378966,
136,-1,0,1395581378965,1395581378967,
137,1,1395581378788,1395581378966,1395581378967,
137,-1,0,1395581378967,1395581378968,
138,1,1395581378789,1395581378967,1395581378969,
138,-1,0,1395581378968,1395581378969,
139,1,1395581378789,1395581378969,1395581378970,
139,-1,0,1395581378970,1395581378971,
140,1,1395581378790,1395581378970,1395581378971,
140,-1,0,1395581378971,1395581378972,
141,1,1395581378790,1395581378972,1395581378973,
141,-1,0,1395581378973,1395581378974,
142,1,1395581378791,1395581378973,1395581378974,
142,-1,0,1395581378974,1395581378975,
143,1,1395581378791,1395581378975,1395581378976,
143,-1,0,1395581378976,1395581378977,
144,1,1395581378792,1395581378976,1395581378977,
144,-1,0,1395581378977,1395581378978,
145,1,1395581378793,1395581378978,1395581378979,
145,-1,0,1395581378978,1395581378980,
146,1,1395581378793,1395581378979,1395581378980,
146,-1,0,1395581378980,1395581378981,
147,1,1395581378794,1395581378980,1395581378981,
147,-1,0,1395581378981,1395581378982,
148,1,1395581378794,1395581378982,1395581378983,
148,-1,0,1395581378982,1395581378984,
149,1,1395581378795,1395581378983,1395581378984,
149,-1,0,1395581378984,1395581378985,
150,1,1395581378795,1395581378984,1395581378986,
150,-1,0,1395581378985,1395581378987,
151,1,1395581378796,1395581378986,1395581378987,
151,-1,0,1395581378987,1395581378988,
152,1,1395581378796,1395581378988,1395581378989,
152,-1,0,1395581378989,1395581378990,
153,1,1395581378797,1395581378989,1395581378990,
153,-1,0,1395581378990,1395581378991,
154,1,1395581378798,1395581378991,1395581378992,
154,-1,0,1395581378992,1395581378993,
155,1,1395581378798,1395581378992,1395581378993,
155,-1,0,1395581378993,1395581378994,
156,1,1395581378799,1395581378994,1395581378995,
156,-1,0,1395581378995,1395581378996,
157,1,1395581378799,1395581378995,1395581378996,
157,-1,0,1395581378996,1395581378998,
158,1,1395581378800,1395581378997,1395581378998,
158,-1,0,1395581378998,1395581378999,
159,1,1395581378800,1395581378998,1395581379000,
159,-1,0,1395581378999,1395581379001,
160,1,1395581378801,1395581379000,1395581379001,
160,-1,0,1395581379001,1395581379002,
161,1,1395581378802,1395581379001,1395581379002,
161,-1,0,1395581379002,1395581379006,
162,1,1395581378802,1395581379003,1395581379007,
162,-1,0,1395581379004,1395581379007,
163,1,1395581378803,1395581379004,1395581379007,
163,-1,0,1395581379005,1395581379008,
164,1,1395581378803,1395581379005,1395581379008,
164,-1,0,1395581379006,1395581379008,
165,1,1395581378804,1395581379007,1395581379009,
165,-1,0,1395581379008,1395581379009,
166,1,1395581378804,1395581379008,1395581379010,
166,-1,0,1395581379010,1395581379011,
167,1,1395581378805,1395581379010,1395581379011,
167,-1,0,1395581379011,1395581379012,
168,1,1395581378806,1395581379011,1395581379012,
168,-1,0,1395581379012,1395581379013,
169,1,1395581378806,1395581379013,1395581379014,
169,-1,0,1395581379014,1395581379015,
170,1,1395581378807,1395581379014,1395581379015,
170,-1,0,1395581379015,1395581379016,
171,1,1395581378807,1395581379015,1395581379016,
171,-1,0,1395581379016,1395581379017,
172,1,1395581378808,1395581379017,1395581379018,
172,-1,0,1395581379017,1395581379018,
173,1,1395581378808,1395581379018,1395581379019,
173,-1,0,1395581379019,1395581379020,
174,1,1395581378809,1395581379019,1395581379020,
174,-1,0,1395581379020,1395581379021,
175,1,1395581378810,1395581379020,1395581379022,
175,-1,0,1395581379021,1395581379022,
176,1,1395581378810,1395581379022,1395581379023,
176,-1,0,1395581379023,1395581379024,
177,1,1395581378811,1395581379023,1395581379024,
177,-1,0,1395581379024,1395581379025,
178,1,1395581378811,1395581379025,1395581379026,
178,-1,0,1395581379026,1395581379027,
179,1,1395581378812,1395581379026,1395581379027,
179,-1,0,1395581379027,1395581379028,
180,1,1395581378813,1395581379028,1395581379029,
180,-1,0,1395581379029,1395581379030,
181,1,1395581378813,1395581379029,1395581379030,
181,-1,0,1395581379030,1395581379032,
182,1,1395581378814,1395581379031,1395581379032,
182,-1,0,1395581379032,1395581379033,
183,1,1395581378814,1395581379032,1395581379033,
183,-1,0,1395581379033,1395581379034,
184,1,1395581378815,1395581379034,1395581379035,
184,-1,0,1395581379035,1395581379036,
185,1,1395581378816,1395581379035,1395581379036,
185,-1,0,1395581379036,1395581379037,
186,1,1395581378816,1395581379036,1395581379037,
186,-1,0,1395581379037,1395581379038,
187,1,1395581378817,1395581379038,1395581379039,
187,-1,0,1395581379038,1395581379039,
188,1,1395581378817,1395581379039,1395581379040,
188,-1,0,1395581379040,1395581379041,
189,1,1395581378817,1395581379040,1395581379041,
189,-1,0,1395581379041,1395581379042,
190,1,1395581378818,1395581379041,1395581379042,
190,-1,0,1395581379042,1395581379043,
191,1,1395581378818,1395581379043,1395581379044,
191,-1,0,1395581379044,1395581379045,
192,1,1395581378819,1395581379044,1395581379045,
192,-1,0,1395581379045,1395581379046,
193,1,1395581378819,1395581379045,1395581379047,
193,-1,0,1395581379046,1395581379047,
194,1,1395581378820,1395581379047,1395581379048,
194,-1,0,1395581379048,1395581379049,
195,1,1395581378820,1395581379048,1395581379049,
195,-1,0,1395581379049,1395581379050,
196,1,1395581378821,1395581379050,1395581379051,
196,-1,0,1395581379051,1395581379052,
197,1,1395581378821,1395581379051,1395581379052,
197,-1,0,1395581379052,1395581379053,
198,1,1395581378822,1395581379052,1395581379054,
198,-1,0,1395581379053,1395581379054,
199,1,1395581378822,1395581379054,1395581379055,
199,-1,0,1395581379055,1395581379056,
200,1,1395581378823,1395581379055,1395581379056,
200,-1,0,1395581379056,1395581379057,
201,1,1395581378823,1395581379057,1395581379058,
201,-1,0,1395581379057,1395581379059,
202,1,1395581378824,1395581379058,1395581379059,
202,-1,0,1395581379059,1395581379060,
203,1,1395581378824,1395581379059,1395581379061,
203,-1,0,1395581379060,1395581379061,
204,1,1395581378825,1395581379061,1395581379062,
204,-1,0,1395581379062,1395581379063,
205,1,1395581378825,1395581379062,1395581379063,
205,-1,0,1395581379063,1395581379064,
206,1,1395581378826,1395581379064,1395581379065,
206,-1,0,1395581379065,1395581379066,
207,1,1395581378826,1395581379065,1395581379066,
207,-1,0,1395581379066,1395581379067,
208,1,1395581378827,1395581379066,1395581379068,
208,-1,0,1395581379067,1395581379069,
209,1,1395581378827,1395581379068,1395581379070,
209,-1,0,1395581379069,1395581379071,
210,1,1395581378828,1395581379069,1395581379071,
210,-1,0,1395581379070,1395581379072,
211,1,1395581378829,1395581379071,1395581379072,
211,-1,0,1395581379072,1395581379073,
212,1,1395581378830,1395581379072,1395581379073,
212,-1,0,1395581379073,1395581379074,
213,1,1395581378830,1395581379074,1395581379075,
213,-1,0,1395581379075,1395581379076,
214,1,1395581378831,1395581379075,1395581379076,
214,-1,0,1395581379076,1395581379077,
215,1,1395581378832,1395581379077,1395581379078,
215,-1,0,1395581379078,1395581379079,
216,1,1395581378832,1395581379078,1395581379079,
216,-1,0,1395581379079,1395581379080,
217,1,1395581378833,1395581379080,1395581379081,
217,-1,0,1395581379080,1395581379082,
218,1,1395581378833,1395581379081,1395581379082,
218,-1,0,1395581379082,1395581379083,
219,1,1395581378834,1395581379082,1395581379084,
219,-1,0,1395581379083,1395581379084,
220,1,1395581378834,1395581379084,1395581379085,
220,-1,0,1395581379085,1395581379086,
221,1,1395581378835,1395581379085,1395581379086,
221,-1,0,1395581379086,1395581379087,
222,1,1395581378835,1395581379086,1395581379087,
222,-1,0,1395581379087,1395581379088,
223,1,1395581378836,1395581379088,1395581379089,
223,-1,0,1395581379089,1395581379090,
224,1,1395581378836,1395581379089,1395581379090,
224,-1,0,1395581379090,1395581379091,
225,1,1395581378837,1395581379090,1395581379093,
225,-1,0,1395581379091,1395581379094,
226,1,1395581378837,1395581379092,1395581379094,
226,-1,0,1395581379093,1395581379095,
227,1,1395581378838,1395581379094,1395581379095,
227,-1,0,1395581379095,1395581379096,
228,1,1395581378839,1395581379095,1395581379097,
228,-1,0,1395581379097,1395581379098,
229,1,1395581378839,1395581379097,1395581379098,
229,-1,0,1395581379098,1395581379099,
230,1,1395581378839,1395581379098,1395581379100,
230,-1,0,1395581379099,1395581379101,
231,1,1395581378840,1395581379100,1395581379101,
231,-1,0,1395581379101,1395581379102,
232,1,1395581378840,1395581379101,1395581379102,
232,-1,0,1395581379102,1395581379104,
233,1,1395581378841,1395581379103,1395581379104,
233,-1,0,1395581379103,1395581379106,
234,1,1395581378842,1395581379104,1395581379106,
234,-1,0,1395581379105,1395581379107,
235,1,1395581378842,1395581379106,1395581379107,
235,-1,0,1395581379107,1395581379109,
236,1,1395581378843,1395581379107,1395581379109,
236,-1,0,1395581379108,1395581379110,
237,1,1395581378843,1395581379109,1395581379110,
237,-1,0,1395581379110,1395581379112,
238,1,1395581378844,1395581379110,1395581379112,
238,-1,0,1395581379111,1395581379113,
239,1,1395581378844,1395581379112,1395581379113,
239,-1,0,1395581379113,1395581379114,
240,1,1395581378845,1395581379113,1395581379115,
240,-1,0,1395581379114,1395581379116,
241,1,1395581378845,1395581379115,1395581379117,
241,-1,0,1395581379116,1395581379117,
242,1,1395581378846,1395581379117,1395581379118,
242,-1,0,1395581379117,1395581379119,
243,1,1395581378846,1395581379118,1395581379119,
243,-1,0,1395581379119,1395581379120,
244,1,1395581378847,1395581379119,1395581379120,
244,-1,0,1395581379120,1395581379121,
245,1,1395581378847,1395581379121,1395581379122,
245,-1,0,1395581379122,1395581379123,
246,1,1395581378848,1395581379122,1395581379123,
246,-1,0,1395581379123,1395581379124,
247,1,1395581378848,1395581379123,1395581379124,
247,-1,0,1395581379124,1395581379125,
248,1,1395581378849,1395581379125,1395581379126,
248,-1,0,1395581379126,1395581379127,
249,1,1395581378849,1395581379126,1395581379127,
249,-1,0,1395581379127,1395581379128,
250,1,1395581378850,1395581379127,1395581379128,
250,-1,0,1395581379128,1395581379129,
251,1,1395581378850,1395581379129,1395581379130,
251,-1,0,1395581379130,1395581379131,
252,1,1395581378851,1395581379130,1395581379131,
252,-1,0,1395581379131,1395581379132,
253,1,1395581378851,1395581379131,1395581379132,
253,-1,0,1395581379132,1395581379133,
254,1,1395581378852,1395581379133,1395581379134,
254,-1,0,1395581379134,1395581379135,
255,1,1395581378852,1395581379134,1395581379135,
255,-1,0,1395581379135,1395581379136,
256,1,1395581378853,1395581379135,1395581379136,
256,-1,0,1395581379136,1395581379137,
257,1,1395581378853,1395581379137,1395581379138,
257,-1,0,1395581379138,1395581379139,
258,1,1395581378854,1395581379138,1395581379139,
258,-1,0,1395581379139,1395581379140,
259,1,1395581378854,1395581379139,1395581379140,
259,-1,0,1395581379140,1395581379144,
260,1,1395581378855,1395581379141,1395581379144,
260,-1,0,1395581379141,1395581379144,
261,1,1395581378855,1395581379142,1395581379144,
261,-1,0,1395581379143,1395581379145,
262,1,1395581378856,1395581379143,1395581379145,
262,-1,0,1395581379145,1395581379146,
263,1,1395581378857,1395581379145,1395581379147,
263,-1,0,1395581379146,1395581379148,
264,1,1395581378858,1395581379147,1395581379148,
264,-1,0,1395581379148,1395581379149,
265,1,1395581378858,1395581379148,1395581379149,
265,-1,0,1395581379149,1395581379150,
266,1,1395581378859,1395581379149,1395581379151,
266,-1,0,1395581379150,1395581379151,
267,1,1395581378859,1395581379151,1395581379152,
267,-1,0,1395581379152,1395581379153,
268,1,1395581378860,1395581379152,1395581379153,
268,-1,0,1395581379153,1395581379154,
269,1,1395581378860,1395581379153,1395581379155,
269,-1,0,1395581379154,1395581379156,
270,1,1395581378861,1395581379155,1395581379156,
270,-1,0,1395581379156,1395581379157,
271,1,1395581378861,1395581379156,1395581379157,
271,-1,0,1395581379157,1395581379158,
272,1,1395581378862,1395581379158,1395581379159,
272,-1,0,1395581379158,1395581379160,
273,1,1395581378862,1395581379159,1395581379160,
273,-1,0,1395581379160,1395581379161,
274,1,1395581378863,1395581379160,1395581379161,
274,-1,0,1395581379161,1395581379162,
275,1,1395581378863,1395581379161,1395581379162,
275,-1,0,1395581379162,1395581379163,
276,1,1395581378864,1395581379163,1395581379164,
276,-1,0,1395581379163,1395581379165,
277,1,1395581378864,1395581379164,1395581379165,
277,-1,0,1395581379165,1395581379166,
278,1,1395581378865,1395581379165,1395581379166,
278,-1,0,1395581379166,1395581379167,
279,1,1395581378865,1395581379166,1395581379168,
279,-1,0,1395581379167,1395581379168,
280,1,1395581378866,1395581379168,1395581379169,
280,-1,0,1395581379168,1395581379170,
281,1,1395581378866,1395581379169,1395581379170,
281,-1,0,1395581379170,1395581379171,
282,1,1395581378867,1395581379170,1395581379171,
282,-1,0,1395581379171,1395581379172,
283,1,1395581378867,1395581379171,1395581379172,
283,-1,0,1395581379172,1395581379173,
284,1,1395581378868,1395581379172,1395581379173,
284,-1,0,1395581379173,1395581379174,
285,1,1395581378868,1395581379173,1395581379174,
285,-1,0,1395581379174,1395581379175,
286,1,1395581378869,1395581379175,1395581379176,
286,-1,0,1395581379175,1395581379176,
287,1,1395581378869,1395581379176,1395581379177,
287,-1,0,1395581379177,1395581379178,
288,1,1395581378870,1395581379177,1395581379178,
288,-1,0,1395581379178,1395581379179,
289,1,1395581378870,1395581379178,1395581379179,
289,-1,0,1395581379179,1395581379180,
290,1,1395581378871,1395581379180,1395581379181,
290,-1,0,1395581379180,1395581379182,
291,1,1395581378871,1395581379181,1395581379182,
291,-1,0,1395581379182,1395581379183,
292,1,1395581378872,1395581379182,1395581379183,
292,-1,0,1395581379183,1395581379184,
293,1,1395581378872,1395581379183,1395581379185,
293,-1,0,1395581379184,1395581379186,
294,1,1395581378873,1395581379185,1395581379186,
294,-1,0,1395581379186,1395581379187,
295,1,1395581378873,1395581379186,1395581379187,
295,-1,0,1395581379187,1395581379188,
296,1,1395581378874,1395581379188,1395581379189,
296,-1,0,1395581379188,1395581379189,
297,1,1395581378874,1395581379189,1395581379190,
297,-1,0,1395581379190,1395581379191,
298,1,1395581378878,1395581379190,1395581379192,
298,-1,0,1395581379191,1395581379193,
299,1,1395581378879,1395581379191,1395581379193,
299,-1,0,1395581379192,1395581379193,
300,1,1395581378880,1395581379193,1395581379194,
300,-1,0,1395581379193,1395581379194,
301,1,1395581378880,1395581379194,1395581379195,
301,-1,0,1395581379195,1395581379196,
302,1,1395581378881,1395581379195,1395581379196,
302,-1,0,1395581379196,1395581379197,
303,1,1395581378881,1395581379196,1395581379197,
303,-1,0,1395581379197,1395581379198,
304,1,1395581378882,1395581379197,1395581379198,
304,-1,0,1395581379198,1395581379199,
305,1,1395581378882,1395581379198,1395581379199,
305,-1,0,1395581379199,1395581379200,
306,1,1395581378883,1395581379200,1395581379200,
306,-1,0,1395581379200,1395581379201,
307,1,1395581378883,1395581379201,1395581379202,
307,-1,0,1395581379201,1395581379202,
308,1,1395581378884,1395581379202,1395581379203,
308,-1,0,1395581379202,1395581379203,
309,1,1395581378884,1395581379203,1395581379204,
309,-1,0,1395581379204,1395581379204,
310,1,1395581378885,1395581379204,1395581379205,
310,-1,0,1395581379205,1395581379205,
311,1,1395581378885,1395581379205,1395581379206,
311,-1,0,1395581379206,1395581379206,
312,1,1395581378886,1395581379206,1395581379207,
312,-1,0,1395581379207,1395581379207,
313,1,1395581378886,1395581379207,1395581379208,
313,-1,0,1395581379208,1395581379209,
314,1,1395581378887,1395581379208,1395581379209,
314,-1,0,1395581379209,1395581379210,
315,1,1395581378887,1395581379209,1395581379210,
315,-1,0,1395581379210,1395581379211,
316,1,1395581378888,1395581379210,1395581379211,
316,-1,0,1395581379211,1395581379212,
317,1,1395581378888,1395581379211,1395581379213,
317,-1,0,1395581379212,1395581379213,
318,1,1395581378889,1395581379213,1395581379214,
318,-1,0,1395581379213,1395581379214,
319,1,1395581378889,1395581379214,1395581379215,
319,-1,0,1395581379215,1395581379216,
320,1,1395581378890,1395581379215,1395581379216,
320,-1,0,1395581379216,1395581379217,
321,1,1395581378890,1395581379216,1395581379217,
321,-1,0,1395581379217,1395581379218,
322,1,1395581378891,1395581379217,1395581379218,
322,-1,0,1395581379218,1395581379219,
323,1,1395581378891,1395581379218,1395581379219,
323,-1,0,1395581379219,1395581379220,
324,1,1395581378892,1395581379219,1395581379220,
324,-1,0,1395581379220,1395581379221,
325,1,1395581378892,1395581379221,1395581379222,
325,-1,0,1395581379221,1395581379222,
326,1,1395581378893,1395581379222,1395581379223,
326,-1,0,1395581379222,1395581379224,
327,1,1395581378893,1395581379223,1395581379224,
327,-1,0,1395581379224,1395581379225,
328,1,1395581378894,1395581379224,1395581379225,
328,-1,0,1395581379225,1395581379226,
329,1,1395581378894,1395581379225,1395581379226,
329,-1,0,1395581379226,1395581379227,
330,1,1395581378895,1395581379226,1395581379227,
330,-1,0,1395581379227,1395581379228,
331,1,1395581378895,1395581379227,1395581379228,
331,-1,0,1395581379228,1395581379229,
332,1,1395581378895,1395581379228,1395581379229,
332,-1,0,1395581379229,1395581379230,
333,1,1395581378896,1395581379229,1395581379230,
333,-1,0,1395581379230,1395581379231,
334,1,1395581378896,1395581379231,1395581379232,
334,-1,0,1395581379231,1395581379232,
335,1,1395581378897,1395581379232,1395581379233,
335,-1,0,1395581379232,1395581379234,
336,1,1395581378897,1395581379233,1395581379234,
336,-1,0,1395581379234,1395581379235,
337,1,1395581378898,1395581379234,1395581379235,
337,-1,0,1395581379235,1395581379236,
338,1,1395581378898,1395581379235,1395581379236,
338,-1,0,1395581379236,1395581379237,
339,1,1395581378899,1395581379236,1395581379237,
339,-1,0,1395581379237,1395581379238,
340,1,1395581378899,1395581379237,1395581379238,
340,-1,0,1395581379238,1395581379239,
341,1,1395581378900,1395581379239,1395581379239,
341,-1,0,1395581379239,1395581379240,
342,1,1395581378900,1395581379239,1395581379240,
342,-1,0,1395581379240,1395581379241,
343,1,1395581378901,1395581379241,1395581379241,
343,-1,0,1395581379241,1395581379242,
344,1,1395581378901,1395581379242,1395581379242,
344,-1,0,1395581379242,1395581379243,
345,1,1395581378902,1395581379243,1395581379244,
345,-1,0,1395581379243,1395581379244,
346,1,1395581378902,1395581379244,1395581379245,
346,-1,0,1395581379244,1395581379246,
347,1,1395581378903,1395581379245,1395581379246,
347,-1,0,1395581379246,1395581379247,
348,1,1395581378903,1395581379246,1395581379247,
348,-1,0,1395581379247,1395581379248,
349,1,1395581378904,1395581379247,1395581379248,
349,-1,0,1395581379248,1395581379249,
350,1,1395581378904,1395581379248,1395581379249,
350,-1,0,1395581379249,1395581379250,
351,1,1395581378905,1395581379249,1395581379250,
351,-1,0,1395581379250,1395581379251,
352,1,1395581378905,1395581379250,1395581379251,
352,-1,0,1395581379251,1395581379252,
353,1,1395581378906,1395581379251,1395581379255,
353,-1,0,1395581379252,1395581379256,
354,1,1395581378906,1395581379252,1395581379256,
354,-1,0,1395581379253,1395581379256,
355,1,1395581378907,1395581379253,1395581379256,
355,-1,0,1395581379254,1395581379257,
356,1,1395581378907,1395581379254,1395581379257,
356,-1,0,1395581379255,1395581379257,
357,1,1395581378908,1395581379255,1395581379257,
357,-1,0,1395581379256,1395581379257,
358,1,1395581378908,1395581379256,1395581379258,
358,-1,0,1395581379257,1395581379258,
359,1,1395581378908,1395581379257,1395581379259,
359,-1,0,1395581379258,1395581379259,
360,1,1395581378909,1395581379258,1395581379260,
360,-1,0,1395581379259,1395581379260,
361,1,1395581378909,1395581379259,1395581379261,
361,-1,0,1395581379260,1395581379261,
362,1,1395581378910,1395581379261,1395581379262,
362,-1,0,1395581379261,1395581379262,
363,1,1395581378910,1395581379262,1395581379263,
363,-1,0,1395581379262,1395581379263,
364,1,1395581378911,1395581379263,1395581379264,
364,-1,0,1395581379263,1395581379265,
365,1,1395581378911,1395581379264,1395581379265,
365,-1,0,1395581379264,1395581379266,
366,1,1395581378912,1395581379265,1395581379266,
366,-1,0,1395581379266,1395581379267,
367,1,1395581378912,1395581379266,1395581379267,
367,-1,0,1395581379267,1395581379268,
368,1,1395581378913,1395581379267,1395581379268,
368,-1,0,1395581379268,1395581379269,
369,1,1395581378913,1395581379268,1395581379269,
369,-1,0,1395581379269,1395581379270,
370,1,1395581378914,1395581379269,1395581379270,
370,-1,0,1395581379270,1395581379271,
371,1,1395581378914,1395581379270,1395581379271,
371,-1,0,1395581379271,1395581379272,
372,1,1395581378915,1395581379271,1395581379272,
372,-1,0,1395581379272,1395581379273,
373,1,1395581378915,1395581379272,1395581379273,
373,-1,0,1395581379273,1395581379274,
374,1,1395581378918,1395581379273,1395581379274,
374,-1,0,1395581379274,1395581379275,
375,1,1395581378919,1395581379274,1395581379275,
375,-1,0,1395581379275,1395581379276,
376,1,1395581378919,1395581379275,1395581379276,
376,-1,0,1395581379276,1395581379277,
377,1,1395581378920,1395581379276,1395581379277,
377,-1,0,1395581379277,1395581379278,
378,1,1395581378922,1395581379277,1395581379278,
378,-1,0,1395581379278,1395581379279,
379,1,1395581378922,1395581379278,1395581379279,
379,-1,0,1395581379279,1395581379280,
380,1,1395581378923,1395581379279,1395581379280,
380,-1,0,1395581379280,1395581379281,
381,1,1395581378923,1395581379280,1395581379281,
381,-1,0,1395581379281,1395581379282,
382,1,1395581378924,1395581379281,1395581379282,
382,-1,0,1395581379282,1395581379283,
383,1,1395581378924,1395581379282,1395581379283,
383,-1,0,1395581379283,1395581379284,
384,1,1395581378925,1395581379283,1395581379284,
384,-1,0,1395581379284,1395581379285,
385,1,1395581378925,1395581379284,1395581379285,
385,-1,0,1395581379285,1395581379286,
386,1,1395581378926,1395581379285,1395581379286,
386,-1,0,1395581379286,1395581379287,
387,1,1395581378926,1395581379286,1395581379287,
387,-1,0,1395581379287,1395581379288,
388,1,1395581378927,1395581379287,1395581379288,
388,-1,0,1395581379288,1395581379289,
389,1,1395581378927,1395581379288,1395581379289,
389,-1,0,1395581379289,1395581379290,
390,1,1395581378928,1395581379289,1395581379290,
390,-1,0,1395581379290,1395581379291,
391,1,1395581378928,1395581379290,1395581379291,
391,-1,0,1395581379291,1395581379292,
392,1,1395581378929,1395581379291,1395581379292,
392,-1,0,1395581379292,1395581379293,
393,1,1395581378929,1395581379292,1395581379293,
393,-1,0,1395581379293,1395581379294,
394,1,1395581378930,1395581379293,1395581379294,
394,-1,0,1395581379294,1395581379295,
395,1,1395581378930,1395581379294,1395581379295,
395,-1,0,1395581379295,1395581379296,
396,1,1395581378931,1395581379295,1395581379296,
396,-1,0,1395581379296,1395581379297,
397,1,1395581378931,1395581379296,1395581379297,
397,-1,0,1395581379297,1395581379298,
398,1,1395581378931,1395581379297,1395581379298,
398,-1,0,1395581379298,1395581379299,
399,1,1395581378932,1395581379298,1395581379299,
399,-1,0,1395581379299,1395581379300,
400,1,1395581378932,1395581379299,1395581379300,
400,-1,0,1395581379300,1395581379301,
401,1,1395581378933,1395581379300,1395581379301,
401,-1,0,1395581379301,1395581379302,
402,1,1395581378933,1395581379301,1395581379302,
402,-1,0,1395581379302,1395581379303,
403,1,1395581378934,1395581379302,1395581379303,
403,-1,0,1395581379303,1395581379304,
404,1,1395581378934,1395581379303,1395581379304,
404,-1,0,1395581379304,1395581379305,
405,1,1395581378935,1395581379304,1395581379305,
405,-1,0,1395581379305,1395581379306,
406,1,1395581378935,1395581379305,1395581379306,
406,-1,0,1395581379306,1395581379307,
407,1,1395581378936,1395581379306,1395581379307,
407,-1,0,1395581379307,1395581379308,
408,1,1395581378936,1395581379307,1395581379308,
408,-1,0,1395581379308,1395581379309,
409,1,1395581378936,1395581379308,1395581379309,
409,-1,0,1395581379309,1395581379310,
410,1,1395581378937,1395581379309,1395581379310,
410,-1,0,1395581379310,1395581379311,
411,1,1395581378937,1395581379310,1395581379311,
411,-1,0,1395581379311,1395581379312,
412,1,1395581378938,1395581379311,1395581379312,
412,-1,0,1395581379312,1395581379313,
413,1,1395581378938,1395581379312,1395581379313,
413,-1,0,1395581379313,1395581379314,
414,1,1395581378938,1395581379313,1395581379314,
414,-1,0,1395581379314,1395581379315,
415,1,1395581378939,1395581379314,1395581379315,
415,-1,0,1395581379315,1395581379316,
416,1,1395581378939,1395581379315,1395581379316,
416,-1,0,1395581379316,1395581379317,
417,1,1395581378940,1395581379316,1395581379317,
417,-1,0,1395581379317,1395581379318,
418,1,1395581378940,1395581379317,1395581379318,
418,-1,0,1395581379318,1395581379319,
419,1,1395581378941,1395581379318,1395581379319,
419,-1,0,1395581379319,1395581379320,
420,1,1395581378941,1395581379319,1395581379321,
420,-1,0,1395581379320,1395581379321,
421,1,1395581378942,1395581379321,1395581379322,
421,-1,0,1395581379321,1395581379322,
422,1,1395581378942,1395581379322,1395581379323,
422,-1,0,1395581379322,1395581379323,
423,1,1395581378943,1395581379323,1395581379324,
423,-1,0,1395581379323,1395581379324,
424,1,1395581378944,1395581379324,1395581379325,
424,-1,0,1395581379325,1395581379326,
425,1,1395581378946,1395581379325,1395581379326,
425,-1,0,1395581379326,1395581379326,
426,1,1395581378947,1395581379326,1395581379327,
426,-1,0,1395581379327,1395581379328,
427,1,1395581378949,1395581379327,1395581379328,
427,-1,0,1395581379327,1395581379328,
428,1,1395581378950,1395581379328,1395581379329,
428,-1,0,1395581379328,1395581379329,
429,1,1395581378951,1395581379329,1395581379330,
429,-1,0,1395581379330,1395581379330,
430,1,1395581378953,1395581379330,1395581379331,
430,-1,0,1395581379331,1395581379331,
431,1,1395581378955,1395581379331,1395581379332,
431,-1,0,1395581379332,1395581379332,
432,1,1395581378956,1395581379332,1395581379333,
432,-1,0,1395581379333,1395581379333,
433,1,1395581378958,1395581379333,1395581379334,
433,-1,0,1395581379333,1395581379334,
434,1,1395581378959,1395581379334,1395581379335,
434,-1,0,1395581379334,1395581379335,
435,1,1395581378960,1395581379335,1395581379336,
435,-1,0,1395581379335,1395581379336,
436,1,1395581378962,1395581379336,1395581379337,
436,-1,0,1395581379336,1395581379337,
437,1,1395581378963,1395581379337,1395581379338,
437,-1,0,1395581379337,1395581379338,
438,1,1395581378964,1395581379338,1395581379339,
438,-1,0,1395581379338,1395581379339,
439,1,1395581378966,1395581379339,1395581379340,
439,-1,0,1395581379339,1395581379340,
440,1,1395581378967,1395581379340,1395581379341,
440,-1,0,1395581379341,1395581379342,
441,1,1395581378969,1395581379341,1395581379342,
441,-1,0,1395581379342,1395581379343,
442,1,1395581378970,1395581379342,1395581379344,
442,-1,0,1395581379343,1395581379344,
443,1,1395581378972,1395581379343,1395581379345,
443,-1,0,1395581379344,1395581379346,
444,1,1395581378973,1395581379344,1395581379346,
444,-1,0,1395581379345,1395581379346,
445,1,1395581378975,1395581379345,1395581379347,
445,-1,0,1395581379346,1395581379347,
446,1,1395581378976,1395581379346,1395581379347,
446,-1,0,1395581379347,1395581379348,
447,1,1395581378978,1395581379347,1395581379348,
447,-1,0,1395581379348,1395581379349,
448,1,1395581378979,1395581379348,1395581379349,
448,-1,0,1395581379349,1395581379350,
449,1,1395581378980,1395581379349,1395581379350,
449,-1,0,1395581379350,1395581379351,
450,1,1395581378981,1395581379350,1395581379351,
450,-1,0,1395581379351,1395581379352,
451,1,1395581378983,1395581379352,1395581379352,
451,-1,0,1395581379352,1395581379353,
452,1,1395581378984,1395581379352,1395581379353,
452,-1,0,1395581379353,1395581379354,
453,1,1395581378986,1395581379353,1395581379354,
453,-1,0,1395581379354,1395581379355,
454,1,1395581378988,1395581379354,1395581379355,
454,-1,0,1395581379355,1395581379356,
455,1,1395581378989,1395581379355,1395581379356,
455,-1,0,1395581379356,1395581379357,
456,1,1395581378991,1395581379356,1395581379357,
456,-1,0,1395581379357,1395581379358,
457,1,1395581378992,1395581379357,1395581379359,
457,-1,0,1395581379358,1395581379360,
458,1,1395581378994,1395581379358,1395581379360,
458,-1,0,1395581379359,1395581379360,
459,1,1395581378995,1395581379360,1395581379361,
459,-1,0,1395581379361,1395581379362,
460,1,1395581378997,1395581379361,1395581379362,
460,-1,0,1395581379362,1395581379363,
461,1,1395581378998,1395581379362,1395581379363,
461,-1,0,1395581379363,1395581379364,
462,1,1395581379000,1395581379363,1395581379364,
462,-1,0,1395581379364,1395581379365,
463,1,1395581379001,1395581379364,1395581379365,
463,-1,0,1395581379365,1395581379365,
464,1,1395581379003,1395581379365,1395581379366,
464,-1,0,1395581379365,1395581379366,
465,1,1395581379006,1395581379366,1395581379367,
465,-1,0,1395581379366,1395581379367,
466,1,1395581379008,1395581379367,1395581379368,
466,-1,0,1395581379367,1395581379371,
467,1,1395581379008,1395581379368,1395581379372,
467,-1,0,1395581379369,1395581379372,
468,1,1395581379009,1395581379370,1395581379372,
468,-1,0,1395581379370,1395581379372,
469,1,1395581379010,1395581379371,1395581379373,
469,-1,0,1395581379371,1395581379373,
470,1,1395581379011,1395581379372,1395581379373,
470,-1,0,1395581379372,1395581379373,
471,1,1395581379013,1395581379373,1395581379374,
471,-1,0,1395581379373,1395581379374,
472,1,1395581379014,1395581379374,1395581379375,
472,-1,0,1395581379374,1395581379375,
473,1,1395581379015,1395581379375,1395581379376,
473,-1,0,1395581379375,1395581379376,
474,1,1395581379016,1395581379376,1395581379377,
474,-1,0,1395581379376,1395581379377,
475,1,1395581379018,1395581379377,1395581379378,
475,-1,0,1395581379377,1395581379378,
476,1,1395581379019,1395581379378,1395581379379,
476,-1,0,1395581379379,1395581379380,
477,1,1395581379020,1395581379380,1395581379381,
477,-1,0,1395581379380,1395581379381,
478,1,1395581379022,1395581379381,1395581379382,
478,-1,0,1395581379381,1395581379382,
479,1,1395581379023,1395581379382,1395581379383,
479,-1,0,1395581379382,1395581379383,
480,1,1395581379025,1395581379383,1395581379384,
480,-1,0,1395581379383,1395581379384,
481,1,1395581379026,1395581379384,1395581379384,
481,-1,0,1395581379384,1395581379385,
482,1,1395581379028,1395581379384,1395581379385,
482,-1,0,1395581379385,1395581379386,
483,1,1395581379029,1395581379385,1395581379386,
483,-1,0,1395581379386,1395581379387,
484,1,1395581379031,1395581379386,1395581379387,
484,-1,0,1395581379387,1395581379388,
485,1,1395581379032,1395581379387,1395581379388,
485,-1,0,1395581379388,1395581379388,
486,1,1395581379034,1395581379388,1395581379389,
486,-1,0,1395581379389,1395581379389,
487,1,1395581379035,1395581379389,1395581379390,
487,-1,0,1395581379390,1395581379390,
488,1,1395581379036,1395581379390,1395581379391,
488,-1,0,1395581379391,1395581379391,
489,1,1395581379038,1395581379391,1395581379392,
489,-1,0,1395581379391,1395581379392,
490,1,1395581379039,1395581379392,1395581379393,
490,-1,0,1395581379392,1395581379393,
491,1,1395581379040,1395581379393,1395581379394,
491,-1,0,1395581379393,1395581379394,
492,1,1395581379041,1395581379394,1395581379395,
492,-1,0,1395581379394,1395581379395,
493,1,1395581379043,1395581379395,1395581379395,
493,-1,0,1395581379395,1395581379396,
494,1,1395581379044,1395581379395,1395581379396,
494,-1,0,1395581379396,1395581379397,
495,1,1395581379045,1395581379396,1395581379398,
495,-1,0,1395581379397,1395581379398,
496,1,1395581379047,1395581379397,1395581379399,
496,-1,0,1395581379398,1395581379399,
497,1,1395581379048,1395581379398,1395581379399,
497,-1,0,1395581379399,1395581379400,
498,1,1395581379050,1395581379400,1395581379401,
498,-1,0,1395581379400,1395581379401,
499,1,1395581379051,1395581379401,1395581379401,
499,-1,0,1395581379401,1395581379402,
500,1,1395581379052,1395581379402,1395581379402,
500,-1,0,1395581379402,1395581379403,
501,1,1395581379054,1395581379403,1395581379404,
501,-1,0,1395581379403,1395581379404,
502,1,1395581379055,1395581379404,1395581379404,
502,-1,0,1395581379404,1395581379405,
503,1,1395581379057,1395581379405,1395581379405,
503,-1,0,1395581379405,1395581379406,
504,1,1395581379058,1395581379405,1395581379406,
504,-1,0,1395581379406,1395581379407,
505,1,1395581379059,1395581379406,1395581379407,
505,-1,0,1395581379407,1395581379408,
506,1,1395581379061,1395581379407,1395581379408,
506,-1,0,1395581379408,1395581379409,
507,1,1395581379062,1395581379408,1395581379409,
507,-1,0,1395581379409,1395581379410,
508,1,1395581379064,1395581379409,1395581379410,
508,-1,0,1395581379410,1395581379410,
509,1,1395581379065,1395581379410,1395581379411,
509,-1,0,1395581379411,1395581379411,
510,1,1395581379067,1395581379411,1395581379412,
510,-1,0,1395581379412,1395581379412,
511,1,1395581379068,1395581379412,1395581379413,
511,-1,0,1395581379412,1395581379413,
512,1,1395581379070,1395581379413,1395581379414,
512,-1,0,1395581379413,1395581379414,
513,1,1395581379071,1395581379414,1395581379414,
513,-1,0,1395581379414,1395581379415,
514,1,1395581379072,1395581379415,1395581379415,
514,-1,0,1395581379415,1395581379416,
515,1,1395581379074,1395581379415,1395581379416,
515,-1,0,1395581379416,1395581379417,
516,1,1395581379075,1395581379416,1395581379418,
516,-1,0,1395581379417,1395581379418,
517,1,1395581379077,1395581379417,1395581379419,
517,-1,0,1395581379419,1395581379421,
518,1,1395581379078,1395581379419,1395581379421,
518,-1,0,1395581379420,1395581379421,
519,1,1395581379080,1395581379420,1395581379422,
519,-1,0,1395581379421,1395581379422,
520,1,1395581379081,1395581379421,1395581379423,
520,-1,0,1395581379422,1395581379423,
521,1,1395581379082,1395581379422,1395581379424,
521,-1,0,1395581379423,1395581379424,
522,1,1395581379084,1395581379423,1395581379424,
522,-1,0,1395581379424,1395581379425,
523,1,1395581379085,1395581379424,1395581379425,
523,-1,0,1395581379425,1395581379426,
524,1,1395581379086,1395581379425,1395581379426,
524,-1,0,1395581379426,1395581379427,
525,1,1395581379088,1395581379426,1395581379427,
525,-1,0,1395581379427,1395581379428,
526,1,1395581379089,1395581379427,1395581379428,
526,-1,0,1395581379428,1395581379429,
527,1,1395581379091,1395581379428,1395581379429,
527,-1,0,1395581379429,1395581379430,
528,1,1395581379093,1395581379429,1395581379430,
528,-1,0,1395581379430,1395581379431,
529,1,1395581379094,1395581379430,1395581379431,
529,-1,0,1395581379431,1395581379432,
530,1,1395581379096,1395581379431,1395581379432,
530,-1,0,1395581379432,1395581379433,
531,1,1395581379097,1395581379432,1395581379433,
531,-1,0,1395581379433,1395581379434,
532,1,1395581379099,1395581379433,1395581379434,
532,-1,0,1395581379434,1395581379434,
533,1,1395581379100,1395581379434,1395581379435,
533,-1,0,1395581379435,1395581379435,
534,1,1395581379101,1395581379435,1395581379436,
534,-1,0,1395581379435,1395581379437,
535,1,1395581379103,1395581379436,1395581379437,
535,-1,0,1395581379437,1395581379438,
536,1,1395581379104,1395581379437,1395581379438,
536,-1,0,1395581379438,1395581379440,
537,1,1395581379107,1395581379439,1395581379440,
537,-1,0,1395581379440,1395581379441,
538,1,1395581379111,1395581379440,1395581379441,
538,-1,0,1395581379441,1395581379442,
539,1,1395581379112,1395581379441,1395581379443,
539,-1,0,1395581379442,1395581379443,
540,1,1395581379112,1395581379442,1395581379443,
540,-1,0,1395581379443,1395581379444,
541,1,1395581379113,1395581379443,1395581379444,
541,-1,0,1395581379444,1395581379445,
542,1,1395581379114,1395581379444,1395581379446,
542,-1,0,1395581379445,1395581379446,
543,1,1395581379115,1395581379446,1395581379447,
543,-1,0,1395581379446,1395581379447,
544,1,1395581379118,1395581379447,1395581379448,
544,-1,0,1395581379447,1395581379448,
545,1,1395581379119,1395581379448,1395581379449,
545,-1,0,1395581379448,1395581379449,
546,1,1395581379120,1395581379449,1395581379450,
546,-1,0,1395581379450,1395581379451,
547,1,1395581379121,1395581379450,1395581379451,
547,-1,0,1395581379451,1395581379452,
548,1,1395581379122,1395581379451,1395581379452,
548,-1,0,1395581379452,1395581379453,
549,1,1395581379123,1395581379452,1395581379453,
549,-1,0,1395581379453,1395581379454,
550,1,1395581379125,1395581379453,1395581379454,
550,-1,0,1395581379454,1395581379455,
551,1,1395581379126,1395581379454,1395581379455,
551,-1,0,1395581379455,1395581379456,
552,1,1395581379127,1395581379455,1395581379457,
552,-1,0,1395581379456,1395581379457,
553,1,1395581379129,1395581379456,1395581379458,
553,-1,0,1395581379457,1395581379459,
554,1,1395581379130,1395581379457,1395581379459,
554,-1,0,1395581379458,1395581379460,
555,1,1395581379131,1395581379459,1395581379460,
555,-1,0,1395581379459,1395581379461,
556,1,1395581379133,1395581379460,1395581379461,
556,-1,0,1395581379461,1395581379462,
557,1,1395581379134,1395581379461,1395581379462,
557,-1,0,1395581379462,1395581379463,
558,1,1395581379136,1395581379462,1395581379463,
558,-1,0,1395581379463,1395581379464,
559,1,1395581379137,1395581379463,1395581379464,
559,-1,0,1395581379464,1395581379465,
560,1,1395581379138,1395581379464,1395581379465,
560,-1,0,1395581379465,1395581379466,
561,1,1395581379139,1395581379465,1395581379466,
561,-1,0,1395581379466,1395581379467,
562,1,1395581379143,1395581379466,1395581379468,
562,-1,0,1395581379467,1395581379468,
563,1,1395581379144,1395581379468,1395581379469,
563,-1,0,1395581379468,1395581379469,
564,1,1395581379145,1395581379469,1395581379470,
564,-1,0,1395581379469,1395581379470,
565,1,1395581379146,1395581379470,1395581379471,
565,-1,0,1395581379470,1395581379471,
566,1,1395581379147,1395581379471,1395581379471,
566,-1,0,1395581379471,1395581379472,
567,1,1395581379149,1395581379471,1395581379472,
567,-1,0,1395581379472,1395581379473,
568,1,1395581379150,1395581379472,1395581379474,
568,-1,0,1395581379473,1395581379474,
569,1,1395581379151,1395581379473,1395581379474,
569,-1,0,1395581379474,1395581379475,
570,1,1395581379152,1395581379474,1395581379475,
570,-1,0,1395581379475,1395581379476,
571,1,1395581379154,1395581379475,1395581379476,
571,-1,0,1395581379476,1395581379477,
572,1,1395581379155,1395581379476,1395581379477,
572,-1,0,1395581379477,1395581379478,
573,1,1395581379156,1395581379477,1395581379478,
573,-1,0,1395581379478,1395581379479,
574,1,1395581379158,1395581379478,1395581379479,
574,-1,0,1395581379479,1395581379480,
575,1,1395581379159,1395581379479,1395581379480,
575,-1,0,1395581379480,1395581379481,
576,1,1395581379160,1395581379480,1395581379481,
576,-1,0,1395581379481,1395581379482,
577,1,1395581379161,1395581379481,1395581379482,
577,-1,0,1395581379482,1395581379482,
578,1,1395581379163,1395581379482,1395581379483,
578,-1,0,1395581379482,1395581379483,
579,1,1395581379164,1395581379483,1395581379484,
579,-1,0,1395581379483,1395581379484,
580,1,1395581379165,1395581379484,1395581379485,
580,-1,0,1395581379484,1395581379485,
581,1,1395581379166,1395581379485,1395581379486,
581,-1,0,1395581379485,1395581379486,
582,1,1395581379168,1395581379486,1395581379487,
582,-1,0,1395581379486,1395581379487,
583,1,1395581379169,1395581379487,1395581379488,
583,-1,0,1395581379487,1395581379488,
584,1,1395581379170,1395581379487,1395581379488,
584,-1,0,1395581379488,1395581379489,
585,1,1395581379171,1395581379488,1395581379490,
585,-1,0,1395581379489,1395581379490,
586,1,1395581379172,1395581379489,1395581379491,
586,-1,0,1395581379490,1395581379491,
587,1,1395581379174,1395581379490,1395581379491,
587,-1,0,1395581379491,1395581379492,
588,1,1395581379175,1395581379491,1395581379492,
588,-1,0,1395581379492,1395581379493,
589,1,1395581379176,1395581379492,1395581379496,
589,-1,0,1395581379493,1395581379496,
590,1,1395581379177,1395581379493,1395581379497,
590,-1,0,1395581379494,1395581379497,
591,1,1395581379178,1395581379494,1395581379497,
591,-1,0,1395581379495,1395581379498,
592,1,1395581379180,1395581379495,1395581379498,
592,-1,0,1395581379495,1395581379498,
593,1,1395581379181,1395581379496,1395581379498,
593,-1,0,1395581379496,1395581379499,
594,1,1395581379182,1395581379496,1395581379499,
594,-1,0,1395581379497,1395581379500,
595,1,1395581379184,1395581379497,1395581379500,
595,-1,0,1395581379498,1395581379500,
596,1,1395581379185,1395581379498,1395581379500,
596,-1,0,1395581379499,1395581379501,
597,1,1395581379187,1395581379500,1395581379501,
597,-1,0,1395581379501,1395581379502,
598,1,1395581379188,1395581379501,1395581379508,
598,-1,0,1395581379502,1395581379508,
599,1,1395581379189,1395581379502,1395581379508,
599,-1,0,1395581379503,1395581379508,
600,1,1395581379190,1395581379503,1395581379509,
600,-1,0,1395581379504,1395581379509,
601,1,1395581379192,1395581379504,1395581379509,
601,-1,0,1395581379505,1395581379510,
602,1,1395581379193,1395581379505,1395581379510,
602,-1,0,1395581379506,1395581379510,
603,1,1395581379194,1395581379506,1395581379511,
603,-1,0,1395581379506,1395581379511,
604,1,1395581379195,1395581379507,1395581379511,
604,-1,0,1395581379507,1395581379511,
605,1,1395581379196,1395581379507,1395581379512,
605,-1,0,1395581379508,1395581379512,
606,1,1395581379197,1395581379508,1395581379512,
606,-1,0,1395581379509,1395581379512,
607,1,1395581379199,1395581379509,1395581379512,
607,-1,0,1395581379510,1395581379513,
608,1,1395581379200,1395581379511,1395581379513,
608,-1,0,1395581379512,1395581379514,
609,1,1395581379201,1395581379512,1395581379514,
609,-1,0,1395581379513,1395581379515,
610,1,1395581379202,1395581379514,1395581379515,
610,-1,0,1395581379514,1395581379515,
611,1,1395581379203,1395581379515,1395581379516,
611,-1,0,1395581379515,1395581379517,
612,1,1395581379204,1395581379516,1395581379517,
612,-1,0,1395581379516,1395581379517,
613,1,1395581379205,1395581379517,1395581379518,
613,-1,0,1395581379517,1395581379518,
614,1,1395581379206,1395581379518,1395581379519,
614,-1,0,1395581379518,1395581379519,
615,1,1395581379207,1395581379519,1395581379520,
615,-1,0,1395581379519,1395581379520,
616,1,1395581379208,1395581379520,1395581379521,
616,-1,0,1395581379520,1395581379521,
617,1,1395581379209,1395581379521,1395581379521,
617,-1,0,1395581379521,1395581379522,
618,1,1395581379210,1395581379522,1395581379523,
618,-1,0,1395581379522,1395581379523,
619,1,1395581379212,1395581379523,1395581379524,
619,-1,0,1395581379523,1395581379525,
620,1,1395581379213,1395581379524,1395581379525,
620,-1,0,1395581379524,1395581379526,
621,1,1395581379214,1395581379525,1395581379526,
621,-1,0,1395581379525,1395581379526,
622,1,1395581379215,1395581379526,1395581379527,
622,-1,0,1395581379526,1395581379527,
623,1,1395581379216,1395581379527,1395581379528,
623,-1,0,1395581379527,1395581379529,
624,1,1395581379217,1395581379528,1395581379529,
624,-1,0,1395581379528,1395581379530,
625,1,1395581379218,1395581379529,1395581379530,
625,-1,0,1395581379530,1395581379531,
626,1,1395581379219,1395581379530,1395581379531,
626,-1,0,1395581379531,1395581379532,
627,1,1395581379221,1395581379531,1395581379532,
627,-1,0,1395581379532,1395581379534,
628,1,1395581379222,1395581379532,1395581379535,
628,-1,0,1395581379533,1395581379535,
629,1,1395581379223,1395581379533,1395581379536,
629,-1,0,1395581379535,1395581379537,
630,1,1395581379225,1395581379536,1395581379537,
630,-1,0,1395581379536,1395581379538,
631,1,1395581379225,1395581379537,1395581379538,
631,-1,0,1395581379537,1395581379539,
632,1,1395581379226,1395581379538,1395581379539,
632,-1,0,1395581379538,1395581379539,
633,1,1395581379227,1395581379539,1395581379540,
633,-1,0,1395581379539,1395581379540,
634,1,1395581379229,1395581379540,1395581379541,
634,-1,0,1395581379540,1395581379541,
635,1,1395581379230,1395581379541,1395581379542,
635,-1,0,1395581379541,1395581379542,
636,1,1395581379231,1395581379542,1395581379543,
636,-1,0,1395581379542,1395581379543,
637,1,1395581379232,1395581379543,1395581379544,
637,-1,0,1395581379543,1395581379545,
638,1,1395581379233,1395581379544,1395581379545,
638,-1,0,1395581379544,1395581379545,
639,1,1395581379234,1395581379545,1395581379546,
639,-1,0,1395581379546,1395581379547,
640,1,1395581379235,1395581379546,1395581379547,
640,-1,0,1395581379547,1395581379548,
641,1,1395581379236,1395581379547,1395581379548,
641,-1,0,1395581379548,1395581379549,
642,1,1395581379238,1395581379548,1395581379549,
642,-1,0,1395581379549,1395581379550,
643,1,1395581379239,1395581379549,1395581379550,
643,-1,0,1395581379550,1395581379551,
644,1,1395581379240,1395581379550,1395581379551,
644,-1,0,1395581379551,1395581379552,
645,1,1395581379241,1395581379551,1395581379552,
645,-1,0,1395581379552,1395581379553,
646,1,1395581379242,1395581379552,1395581379553,
646,-1,0,1395581379553,1395581379559,
647,1,1395581379243,1395581379553,1395581379559,
647,-1,0,1395581379553,1395581379559,
648,1,1395581379244,1395581379554,1395581379560,
648,-1,0,1395581379554,1395581379560,
649,1,1395581379245,1395581379555,1395581379560,
649,-1,0,1395581379555,1395581379560,
650,1,1395581379246,1395581379556,1395581379560,
650,-1,0,1395581379556,1395581379560,
651,1,1395581379247,1395581379557,1395581379561,
651,-1,0,1395581379557,1395581379561,
652,1,1395581379248,1395581379558,1395581379561,
652,-1,0,1395581379558,1395581379561,
653,1,1395581379249,1395581379559,1395581379561,
653,-1,0,1395581379559,1395581379562,
654,1,1395581379250,1395581379559,1395581379562,
654,-1,0,1395581379560,1395581379562,
655,1,1395581379251,1395581379560,1395581379563,
655,-1,0,1395581379561,1395581379563,
656,1,1395581379256,1395581379561,1395581379563,
656,-1,0,1395581379562,1395581379564,
657,1,1395581379257,1395581379562,1395581379564,
657,-1,0,1395581379563,1395581379564,
658,1,1395581379257,1395581379563,1395581379564,
658,-1,0,1395581379564,1395581379565,
659,1,1395581379258,1395581379564,1395581379565,
659,-1,0,1395581379565,1395581379566,
660,1,1395581379258,1395581379565,1395581379566,
660,-1,0,1395581379566,1395581379567,
661,1,1395581379258,1395581379566,1395581379567,
661,-1,0,1395581379567,1395581379568,
662,1,1395581379259,1395581379567,1395581379568,
662,-1,0,1395581379568,1395581379569,
663,1,1395581379260,1395581379568,1395581379569,
663,-1,0,1395581379569,1395581379570,
664,1,1395581379262,1395581379569,1395581379570,
664,-1,0,1395581379570,1395581379571,
665,1,1395581379264,1395581379570,1395581379571,
665,-1,0,1395581379571,1395581379572,
666,1,1395581379264,1395581379571,1395581379572,
666,-1,0,1395581379572,1395581379573,
667,1,1395581379265,1395581379572,1395581379574,
667,-1,0,1395581379573,1395581379574,
668,1,1395581379265,1395581379573,1395581379574,
668,-1,0,1395581379573,1395581379575,
669,1,1395581379266,1395581379574,1395581379576,
669,-1,0,1395581379574,1395581379576,
670,1,1395581379267,1395581379575,1395581379576,
670,-1,0,1395581379575,1395581379576,
671,1,1395581379268,1395581379576,1395581379577,
671,-1,0,1395581379577,1395581379577,
672,1,1395581379269,1395581379577,1395581379578,
672,-1,0,1395581379578,1395581379578,
673,1,1395581379270,1395581379578,1395581379579,
673,-1,0,1395581379578,1395581379579,
674,1,1395581379271,1395581379579,1395581379580,
674,-1,0,1395581379579,1395581379580,
675,1,1395581379272,1395581379580,1395581379581,
675,-1,0,1395581379580,1395581379581,
676,1,1395581379273,1395581379581,1395581379581,
676,-1,0,1395581379581,1395581379582,
677,1,1395581379274,1395581379582,1395581379582,
677,-1,0,1395581379582,1395581379583,
678,1,1395581379275,1395581379582,1395581379583,
678,-1,0,1395581379583,1395581379584,
679,1,1395581379276,1395581379583,1395581379584,
679,-1,0,1395581379584,1395581379589,
680,1,1395581379277,1395581379588,1395581379589,
680,-1,0,1395581379589,1395581379590,
681,1,1395581379278,1395581379589,1395581379590,
681,-1,0,1395581379589,1395581379590,
682,1,1395581379279,1395581379590,1395581379591,
682,-1,0,1395581379591,1395581379592,
683,1,1395581379280,1395581379591,1395581379592,
683,-1,0,1395581379592,1395581379593,
684,1,1395581379281,1395581379592,1395581379593,
684,-1,0,1395581379593,1395581379594,
685,1,1395581379282,1395581379593,1395581379594,
685,-1,0,1395581379594,1395581379595,
686,1,1395581379283,1395581379594,1395581379595,
686,-1,0,1395581379595,1395581379595,
687,1,1395581379284,1395581379595,1395581379596,
687,-1,0,1395581379595,1395581379596,
688,1,1395581379285,1395581379596,1395581379596,
688,-1,0,1395581379596,1395581379597,
689,1,1395581379286,1395581379596,1395581379597,
689,-1,0,1395581379597,1395581379598,
690,1,1395581379287,1395581379597,1395581379598,
690,-1,0,1395581379598,1395581379599,
691,1,1395581379288,1395581379598,1395581379599,
691,-1,0,1395581379599,1395581379599,
692,1,1395581379289,1395581379599,1395581379600,
692,-1,0,1395581379599,1395581379600,
693,1,1395581379290,1395581379600,1395581379600,
693,-1,0,1395581379600,1395581379601,
694,1,1395581379291,1395581379601,1395581379601,
694,-1,0,1395581379601,1395581379602,
695,1,1395581379292,1395581379601,1395581379602,
695,-1,0,1395581379602,1395581379603,
696,1,1395581379293,1395581379602,1395581379603,
696,-1,0,1395581379603,1395581379604,
697,1,1395581379294,1395581379603,1395581379604,
697,-1,0,1395581379604,1395581379605,
698,1,1395581379295,1395581379604,1395581379605,
698,-1,0,1395581379605,1395581379605,
699,1,1395581379296,1395581379605,1395581379606,
699,-1,0,1395581379605,1395581379606,
700,1,1395581379297,1395581379606,1395581379607,
700,-1,0,1395581379606,1395581379607,
701,1,1395581379298,1395581379607,1395581379608,
701,-1,0,1395581379607,1395581379608,
702,1,1395581379299,1395581379608,1395581379609,
702,-1,0,1395581379608,1395581379609,
703,1,1395581379300,1395581379609,1395581379610,
703,-1,0,1395581379609,1395581379611,
704,1,1395581379302,1395581379610,1395581379611,
704,-1,0,1395581379610,1395581379612,
705,1,1395581379303,1395581379610,1395581379612,
705,-1,0,1395581379611,1395581379612,
706,1,1395581379304,1395581379611,1395581379612,
706,-1,0,1395581379612,1395581379613,
707,1,1395581379304,1395581379612,1395581379613,
707,-1,0,1395581379612,1395581379614,
708,1,1395581379305,1395581379613,1395581379614,
708,-1,0,1395581379613,1395581379614,
709,1,1395581379306,1395581379613,1395581379615,
709,-1,0,1395581379614,1395581379615,
710,1,1395581379307,1395581379614,1395581379615,
710,-1,0,1395581379615,1395581379616,
711,1,1395581379308,1395581379615,1395581379616,
711,-1,0,1395581379616,1395581379616,
712,1,1395581379309,1395581379616,1395581379617,
712,-1,0,1395581379616,1395581379617,
713,1,1395581379310,1395581379617,1395581379617,
713,-1,0,1395581379617,1395581379618,
714,1,1395581379311,1395581379617,1395581379618,
714,-1,0,1395581379618,1395581379619,
715,1,1395581379312,1395581379618,1395581379619,
715,-1,0,1395581379619,1395581379620,
716,1,1395581379313,1395581379619,1395581379620,
716,-1,0,1395581379620,1395581379621,
717,1,1395581379314,1395581379621,1395581379622,
717,-1,0,1395581379621,1395581379624,
718,1,1395581379315,1395581379622,1395581379624,
718,-1,0,1395581379622,1395581379624,
719,1,1395581379316,1395581379622,1395581379625,
719,-1,0,1395581379623,1395581379626,
720,1,1395581379317,1395581379623,1395581379626,
720,-1,0,1395581379624,1395581379626,
721,1,1395581379319,1395581379624,1395581379626,
721,-1,0,1395581379625,1395581379629,
722,1,1395581379320,1395581379625,1395581379630,
722,-1,0,1395581379626,1395581379630,
723,1,1395581379321,1395581379626,1395581379630,
723,-1,0,1395581379626,1395581379630,
724,1,1395581379322,1395581379627,1395581379631,
724,-1,0,1395581379627,1395581379631,
725,1,1395581379323,1395581379628,1395581379631,
725,-1,0,1395581379628,1395581379631,
726,1,1395581379324,1395581379628,1395581379632,
726,-1,0,1395581379629,1395581379632,
727,1,1395581379325,1395581379629,1395581379632,
727,-1,0,1395581379630,1395581379632,
728,1,1395581379326,1395581379630,1395581379632,
728,-1,0,1395581379631,1395581379633,
729,1,1395581379327,1395581379631,1395581379633,
729,-1,0,1395581379632,1395581379634,
730,1,1395581379328,1395581379632,1395581379634,
730,-1,0,1395581379632,1395581379634,
731,1,1395581379329,1395581379633,1395581379635,
731,-1,0,1395581379633,1395581379635,
732,1,1395581379330,1395581379634,1395581379635,
732,-1,0,1395581379634,1395581379636,
733,1,1395581379331,1395581379634,1395581379637,
733,-1,0,1395581379635,1395581379637,
734,1,1395581379332,1395581379635,1395581379637,
734,-1,0,1395581379636,1395581379638,
735,1,1395581379333,1395581379636,1395581379638,
735,-1,0,1395581379636,1395581379638,
736,1,1395581379334,1395581379637,1395581379639,
736,-1,0,1395581379637,1395581379639,
737,1,1395581379335,1395581379637,1395581379640,
737,-1,0,1395581379638,1395581379640,
738,1,1395581379336,1395581379638,1395581379640,
738,-1,0,1395581379639,1395581379641,
739,1,1395581379337,1395581379639,1395581379641,
739,-1,0,1395581379640,1395581379642,
740,1,1395581379338,1395581379640,1395581379642,
740,-1,0,1395581379641,1395581379643,
741,1,1395581379339,1395581379641,1395581379643,
741,-1,0,1395581379642,1395581379643,
742,1,1395581379340,1395581379642,1395581379644,
742,-1,0,1395581379643,1395581379644,
743,1,1395581379341,1395581379643,1395581379645,
743,-1,0,1395581379644,1395581379645,
744,1,1395581379344,1395581379644,1395581379645,
744,-1,0,1395581379645,1395581379646,
745,1,1395581379344,1395581379645,1395581379646,
745,-1,0,1395581379645,1395581379647,
746,1,1395581379346,1395581379646,1395581379647,
746,-1,0,1395581379646,1395581379647,
747,1,1395581379347,1395581379646,1395581379648,
747,-1,0,1395581379647,1395581379649,
748,1,1395581379347,1395581379647,1395581379649,
748,-1,0,1395581379647,1395581379651,
749,1,1395581379348,1395581379648,1395581379652,
749,-1,0,1395581379648,1395581379654,
750,1,1395581379349,1395581379648,1395581379654,
750,-1,0,1395581379649,1395581379655,
751,1,1395581379350,1395581379649,1395581379655,
751,-1,0,1395581379650,1395581379656,
752,1,1395581379351,1395581379650,1395581379656,
752,-1,0,1395581379650,1395581379656,
753,1,1395581379351,1395581379651,1395581379656,
753,-1,0,1395581379651,1395581379656,
754,1,1395581379353,1395581379651,1395581379656,
754,-1,0,1395581379652,1395581379656,
755,1,1395581379353,1395581379653,1395581379657,
755,-1,0,1395581379653,1395581379657,
756,1,1395581379354,1395581379653,1395581379657,
756,-1,0,1395581379655,1395581379661,
757,1,