Message ID,Client ID,Result,Sent time,Ack Sent Time,Ack Recv Time,
1,1,1,1396545531518,1396545531531,1396545531603,
2,1,1,1396545531522,1396545531534,1396545531611,
3,1,1,1396545531523,1396545531536,1396545531613,
4,1,1,1396545531523,1396545531537,1396545531631,
5,1,1,1396545531524,1396545531551,1396545531633,
6,1,1,1396545531524,1396545531611,1396545531666,
7,1,1,1396545531525,1396545531632,1396545531667,
8,1,1,1396545531525,1396545531634,1396545531731,
9,1,1,1396545531526,1396545531665,1396545531759,
10,1,1,1396545531526,1396545531680,1396545531808,
11,1,1,1396545531526,1396545531731,1396545531823,
12,1,1,1396545531527,1396545531793,1396545531860,
13,1,1,1396545531527,1396545531823,1396545531874,
14,1,1,1396545531528,1396545531858,1396545531890,
15,1,1,1396545531528,1396545531860,1396545531891,
16,1,1,1396545531529,1396545531872,1396545531925,
17,1,1,1396545531529,1396545531890,1396545531940,
18,1,1,1396545531530,1396545531891,1396545531941,
19,1,1,1396545531530,1396545531923,1396545531955,
20,1,1,1396545531531,1396545531939,1396545531989,
21,1,1,1396545531531,1396545531941,1396545531991,
22,1,1,1396545531532,1396545531953,1396545532055,
23,1,1,1396545531532,1396545531989,1396545532073,
24,1,1,1396545531532,1396545532003,1396545532074,
25,1,1,1396545531533,1396545532055,1396545532086,
26,1,1,1396545531533,1396545532073,1396545532123,
27,1,1,1396545531534,1396545532074,1396545532123,
28,1,1,1396545531534,1396545532086,1396545532186,
29,1,1,1396545531535,1396545532087,1396545532217,
30,1,1,1396545531535,1396545532123,1396545532218,
31,1,1,1396545531536,1396545532135,1396545532254,
32,1,1,1396545531536,1396545532202,1396545532255,
33,1,1,1396545531536,1396545532253,1396545532269,
34,1,1,1396545531537,1396545532255,1396545532288,
35,1,1,1396545531537,1396545532267,1396545532319,
36,1,1,1396545531538,1396545532269,1396545532320,
37,1,1,1396545531538,1396545532286,1396545532398,
38,1,1,1396545531539,1396545532319,1396545532463,
39,1,1,1396545531539,1396545532334,1396545532477,
40,1,1,1396545531540,1396545532398,1396545532479,
41,1,1,1396545531540,1396545532464,1396545532515,
42,1,1,1396545531540,1396545532479,1396545532529,
43,1,1,1396545531541,1396545532513,1396545532545,
44,1,1,1396545531541,1396545532515,1396545532546,
45,1,1,1396545531542,1396545532527,1396545532581,
46,1,1,1396545531542,1396545532545,1396545532595,
47,1,1,1396545531543,1396545532547,1396545532597,
48,1,1,1396545531543,1396545532579,1396545532638,
49,1,1,1396545531544,1396545532595,1396545532639,
50,1,1,1396545531544,1396545532597,1396545532705,
51,1,1,1396545531545,1396545532607,1396545532736,
52,1,1,1396545531545,1396545532639,1396545532771,
53,1,1,1396545531545,1396545532705,1396545532773,
54,1,1,1396545531546,1396545532772,1396545532805,
55,1,1,1396545531546,1396545532784,1396545532836,
56,1,1,1396545531547,1396545532786,1396545532853,
57,1,1,1396545531547,1396545532786,1396545532854,
58,1,1,1396545531548,1396545532802,1396545532866,
59,1,1,1396545531548,1396545532805,1396545532867,
60,1,1,1396545531549,1396545532837,1396545532868,
61,1,1,1396545531549,1396545532855,1396545532934,
62,1,1,1396545531549,1396545532855,1396545532984,
63,1,1,1396545531550,1396545532868,1396545533034,
64,1,1,1396545531550,1396545532902,1396545533049,
65,1,1,1396545531551,1396545532969,1396545533067,
66,1,1,1396545531551,1396545533048,1396545533101,
67,1,1,1396545531552,1396545533066,1396545533116,
68,1,1,1396545531552,1396545533069,1396545533118,
69,1,1,1396545531552,1396545533100,1396545533166,
70,1,1,1396545531553,1396545533116,1396545533166,
71,1,1,1396545531553,1396545533118,1396545533167,
72,1,1,1396545531554,1396545533130,1396545533197,
73,1,1,1396545531554,1396545533166,1396545533198,
74,1,1,1396545531554,1396545533168,1396545533247,
75,1,1,1396545531555,1396545533180,1396545533325,
76,1,1,1396545531555,1396545533198,1396545533358,
77,1,1,1396545531556,1396545533247,1396545533372,
78,1,1,1396545531556,1396545533325,1396545533373,
79,1,1,1396545531556,1396545533358,1396545533390,
80,1,1,1396545531557,1396545533372,1396545533422,
81,1,1,1396545531557,1396545533373,1396545533436,
82,1,1,1396545531558,1396545533388,1396545533438,
83,1,1,1396545531558,1396545533423,1396545533454,
84,1,1,1396545531559,1396545533436,1396545533500,
85,1,1,1396545531559,1396545533452,1396545533502,
86,1,1,1396545531559,1396545533453,1396545533566,
87,1,1,1396545531560,1396545533486,1396545533631,
88,1,1,1396545531560,1396545533501,1396545533632,
89,1,1,1396545531561,1396545533566,1396545533646,
90,1,1,1396545531561,1396545533631,1396545533682,
91,1,1,1396545531561,1396545533646,1396545533683,
92,1,1,1396545531562,1396545533648,1396545533710,
93,1,1,1396545531562,1396545533681,1396545533710,
94,1,1,1396545531562,1396545533683,1396545533743,
95,1,1,1396545531563,1396545533684,1396545533753,
96,1,1,1396545531563,1396545533711,1396545533817,
97,1,1,1396545531564,1396545533741,1396545533887,
98,1,1,1396545531564,1396545533753,1396545533900,
99,1,1,1396545531564,1396545533817,1396545533902,
100,1,1,1396545531565,1396545533900,1396545533939,
101,1,1,1396545531568,1396545533903,1396545533952,
102,1,1,1396545531568,1396545533937,1396545533970,
103,1,1,1396545531569,1396545533950,1396545534002,
104,1,1,1396545531569,1396545533953,1396545534004,
105,1,1,1396545531569,1396545533969,1396545534021,
106,1,1,1396545531570,1396545534002,1396545534032,
107,1,1,1396545531570,1396545534004,1396545534034,
108,1,1,1396545532122,1396545534019,1396545534099,
109,1,1,1396545532123,1396545534032,1396545534163,
110,1,1,1396545532124,1396545534068,1396545534200,
111,1,1,1396545532124,1396545534100,1396545534201,
112,1,1,1396545532124,1396545534163,1396545534214,
113,1,1,1396545532125,1396545534202,1396545534233,
114,1,1,1396545532125,1396545534213,1396545534265,
115,1,1,1396545532126,1396545534215,1396545534267,
116,1,1,1396545532126,1396545534231,1396545534283,
117,1,1,1396545532126,1396545534265,1396545534296,
118,1,1,1396545532127,1396545534281,1396545534330,
119,1,1,1396545532127,1396545534283,1396545534345,
120,1,1,1396545532127,1396545534284,1396545534397,
121,1,1,1396545532128,1396545534331,1396545534477,
122,1,1,1396545532128,1396545534363,1396545534477,
123,1,1,1396545532129,1396545534414,1396545534496,
124,1,1,1396545532129,1396545534478,1396545534531,
125,1,1,1396545532129,1396545534495,1396545534545,
126,1,1,1396545532130,1396545534497,1396545534547,
127,1,1,1396545532130,1396545534529,1396545534594,
128,1,1,1396545532130,1396545534545,1396545534595,
129,1,1,1396545532131,1396545534547,1396545534597,
130,1,1,1396545532131,1396545534559,1396545534611,
131,1,1,1396545532132,1396545534595,1396545534677,
132,1,1,1396545532132,1396545534609,1396545534691,
133,1,1,1396545532132,1396545534611,1396545534741,
134,1,1,1396545532133,1396545534627,1396545534759,
135,1,1,1396545532133,1396545534691,1396545534760,
136,1,1,1396545532133,1396545534759,1396545534795,
137,1,1,1396545532134,1396545534761,1396545534811,
138,1,1,1396545532134,1396545534793,1396545534822,
139,1,1,1396545532134,1396545534795,1396545534824,
140,1,1,1396545532135,1396545534809,1396545534861,
141,1,1,1396545532135,1396545534822,1396545534873,
142,1,1,1396545532136,1396545534824,1396545534874,
143,1,1,1396545532136,1396545534859,1396545534940,
144,1,1,1396545532136,1396545534873,1396545535014,
145,1,1,1396545532137,1396545534890,1396545535060,
146,1,1,1396545532137,1396545534940,1396545535076,
147,1,1,1396545532137,1396545535048,1396545535112,
148,1,1,1396545532138,1396545535076,1396545535125,
149,1,1,1396545532138,1396545535077,1396545535126,
150,1,1,1396545532138,1396545535110,1396545535175,
151,1,1,1396545532139,1396545535125,1396545535176,
152,1,1,1396545532139,1396545535127,1396545535177,
153,1,1,1396545532139,1396545535141,1396545535192,
154,1,1,1396545532140,1396545535176,1396545535240,
155,1,1,1396545532140,1396545535190,1396545535240,
156,1,1,1396545532141,1396545535192,1396545535254,
157,1,1,1396545532141,1396545535206,1396545535335,
158,1,1,1396545532141,1396545535240,1396545535384,
159,1,1,1396545532142,1396545535255,1396545535385,
160,1,1,1396545532142,1396545535335,1396545535400,
161,1,1,1396545532142,1396545535385,1396545535436,
162,1,1,1396545532143,1396545535400,1396545535449,
163,1,1,1396545532143,1396545535402,1396545535451,
164,1,1,1396545532143,1396545535435,1396545535497,
165,1,1,1396545532144,1396545535449,1396545535498,
166,1,1,1396545532144,1396545535451,1396545535567,
167,1,1,1396545532144,1396545535452,1396545535614,
168,1,1,1396545532145,1396545535498,1396545535679,
169,1,1,1396545532145,1396545535498,1396545535680,
170,1,1,1396545532145,1396545535614,1396545535694,
171,1,1,1396545532146,1396545535679,1396545535710,
172,1,1,1396545532146,1396545535694,1396545535745,
173,1,1,1396545532147,1396545535695,1396545535757,
174,1,1,1396545532147,1396545535710,1396545535759,
175,1,1,1396545532147,1396545535743,1396545535775,
176,1,1,1396545532148,1396545535758,1396545535822,
177,1,1,1396545532148,1396545535773,1396545535823,
178,1,1,1396545532148,1396545535775,1396545535838,
179,1,1,1396545532149,1396545535808,1396545535872,
180,1,1,1396545532149,1396545535823,1396545535887,
181,1,1,1396545532149,1396545535838,1396545536002,
182,1,1,1396545532150,1396545535872,1396545536033,
183,1,1,1396545532150,1396545535887,1396545536067,
184,1,1,1396545532150,1396545536002,1396545536082,
185,1,1,1396545532151,1396545536034,1396545536083,
186,1,1,1396545532151,1396545536068,1396545536130,
187,1,1,1396545532151,1396545536082,1396545536131,
188,1,1,1396545532152,1396545536083,1396545536145,
189,1,1,1396545532152,1396545536098,1396545536147,
190,1,1,1396545532152,1396545536131,1396545536163,
191,1,1,1396545532153,1396545536145,1396545536198,
192,1,1,1396545532153,1396545536161,1396545536226,
193,1,1,1396545532153,1396545536163,1396545536288,
194,1,1,1396545532154,1396545536196,1396545536337,
195,1,1,1396545532154,1396545536226,1396545536338,
196,1,1,1396545532155,1396545536322,1396545536355,
197,1,1,1396545532155,1396545536338,1396545536390,
198,1,1,1396545532155,1396545536353,1396545536403,
199,1,1,1396545532156,1396545536355,1396545536418,
200,1,1,1396545532156,1396545536388,1396545536420,
201,1,1,1396545532156,1396545536403,1396545536467,
202,1,1,1396545532157,1396545536418,1396545536468,
203,1,1,1396545532157,1396545536420,1396545536583,
204,1,1,1396545532157,1396545536454,1396545536613,
205,1,1,1396545532158,1396545536468,1396545536648,
206,1,1,1396545532158,1396545536484,1396545536649,
207,1,1,1396545532158,1396545536613,1396545536663,
208,1,1,1396545532319,1396545536649,1396545536712,
209,1,1,1396545532320,1396545536661,1396545536712,
210,1,1,1396545532320,1396545536664,1396545536726,
211,1,1,1396545532320,1396545536678,1396545536728,
212,1,1,1396545532321,1396545536712,1396545536743,
213,1,1,1396545532321,1396545536726,1396545536778,
214,1,1,1396545532321,1396545536742,1396545536779,
215,1,1,1396545532322,1396545536743,1396545536843,
216,1,1,1396545532322,1396545536776,1396545536875,
217,1,1,1396545532322,1396545536779,1396545536910,
218,1,1,1396545532323,1396545536790,1396545536925,
219,1,1,1396545532323,1396545536855,1396545536927,
220,1,1,1396545532323,1396545536910,1396545536940,
221,1,1,1396545532324,1396545536925,1396545536974,
222,1,1,1396545532324,1396545536927,1396545536976,
223,1,1,1396545532324,1396545536938,1396545537001,
224,1,1,1396545532325,1396545536974,1396545537002,
225,1,1,1396545532325,1396545536976,1396545537003,
226,1,1,1396545532325,1396545536986,1396545537045,
227,1,1,1396545532326,1396545537002,1396545537121,
228,1,1,1396545532326,1396545537033,1396545537167,
229,1,1,1396545532326,1396545537060,1396545537168,
230,1,1,1396545532327,1396545537121,1396545537181,
231,1,1,1396545532327,1396545537167,1396545537218,
232,1,1,1396545532327,1396545537182,1396545537232,
233,1,1,1396545532328,1396545537182,1396545537248,
234,1,1,1396545532328,1396545537218,1396545537250,
235,1,1,1396545532329,1396545537230,1396545537284,
236,1,1,1396545532329,1396545537248,1396545537299,
237,1,1,1396545532329,1396545537250,1396545537301,
238,1,1,1396545532330,1396545537282,1396545537342,
239,1,1,1396545532330,1396545537299,1396545537343,
240,1,1,1396545532330,1396545537301,1396545537354,
241,1,1,1396545532867,1396545537310,1396545537354,
242,1,1,1396545532867,1396545537343,1396545537370,
243,1,1,1396545532868,1396545537352,1396545537371,
244,1,1,1396545532868,1396545537354,1396545537402,
245,1,1,1396545532869,1396545537369,1396545537412,
246,1,1,1396545532869,1396545537370,1396545537414,
247,1,1,1396545532869,1396545537400,1396545537428,
248,1,1,1396545532870,1396545537402,1396545537430,
249,1,1,1396545532870,1396545537412,1396545537464,
250,1,1,1396545532870,1396545537415,1396545537465,
251,1,1,1396545532871,1396545537429,1396545537479,
252,1,1,1396545532871,1396545537464,1396545537480,
253,1,1,1396545532871,1396545537466,1396545537498,
254,1,1,1396545532872,1396545537478,1396545537498,
255,1,1,1396545532872,1396545537480,1396545537532,
256,1,1,1396545532872,1396545537496,1396545537546,
257,1,1,1396545532873,1396545537498,1396545537547,
258,1,1,1396545532873,1396545537530,1396545537562,
259,1,1,1396545532873,1396545537546,1396545537596,
260,1,1,1396545532874,1396545537547,1396545537596,
261,1,1,1396545532874,1396545537548,1396545537597,
262,1,1,1396545532874,1396545537560,1396545537611,
263,1,1,1396545532875,1396545537596,1396545537612,
264,1,1,1396545532875,1396545537597,1396545537629,
265,1,1,1396545532875,1396545537610,1396545537630,
266,1,1,1396545532876,1396545537612,1396545537663,
267,1,1,1396545532876,1396545537628,1396545537677,
268,1,1,1396545532876,1396545537630,1396545537680,
269,1,1,1396545532877,1396545537661,1396545537692,
270,1,1,1396545532877,1396545537664,1396545537693,
271,1,1,1396545532877,1396545537678,1396545537723,
272,1,1,1396545532878,1396545537692,1396545537738,
273,1,1,1396545532878,1396545537693,1396545537739,
274,1,1,1396545532878,1396545537722,1396545537753,
275,1,1,1396545532879,1396545537738,1396545537754,
276,1,1,1396545532879,1396545537739,1396545537788,
277,1,1,1396545532879,1396545537753,1396545537803,
278,1,1,1396545532880,1396545537754,1396545537817,
279,1,1,1396545532880,1396545537787,1396545537817,
280,1,1,1396545532880,1396545537788,1396545537850,
281,1,1,1396545532881,1396545537801,1396545537853,
282,1,1,1396545532881,1396545537817,1396545537865,
283,1,1,1396545532881,1396545537818,1396545537867,
284,1,1,1396545532882,1396545537851,1396545537882,
285,1,1,1396545532882,1396545537865,1396545537883,
286,1,1,1396545532882,1396545537867,1396545537917,
287,1,1,1396545532883,1396545537881,1396545537930,
288,1,1,1396545532883,1396545537883,1396545537931,
289,1,1,1396545532883,1396545537916,1396545537947,
290,1,1,1396545532884,1396545537930,1396545537948,
291,1,1,1396545532884,1396545537931,1396545537982,
292,1,1,1396545532884,1396545537945,1396545537995,
293,1,1,1396545532885,1396545537948,1396545537996,
294,1,1,1396545532885,1396545537981,1396545538012,
295,1,1,1396545532885,1396545537995,1396545538012,
296,1,1,1396545532886,1396545537996,1396545538047,
297,1,1,1396545532886,1396545538010,1396545538059,
298,1,1,1396545532886,1396545538012,1396545538062,
299,1,1,1396545532887,1396545538045,1396545538075,
300,1,1,1396545532887,1396545538047,1396545538076,
301,1,1,1396545532887,1396545538060,1396545538111,
302,1,1,1396545532888,1396545538075,1396545538124,
303,1,1,1396545532888,1396545538077,1396545538125,
304,1,1,1396545532888,1396545538110,1396545538140,
305,1,1,1396545532889,1396545538112,1396545538140,
306,1,1,1396545532889,1396545538124,1396545538172,
307,1,1,1396545532889,1396545538140,1396545538184,
308,1,1,1396545532890,1396545538140,1396545538199,
309,1,1,1396545532890,1396545538171,1396545538199,
310,1,1,1396545532890,1396545538172,1396545538231,
311,1,1,1396545532891,1396545538183,1396545538231,
312,1,1,1396545532891,1396545538184,1396545538231,
313,1,1,1396545532891,1396545538199,1396545538243,
314,1,1,1396545532892,1396545538231,1396545538259,
315,1,1,1396545532892,1396545538232,1396545538259,
316,1,1,1396545532892,1396545538243,1396545538290,
317,1,1,1396545532893,1396545538258,1396545538303,
318,1,1,1396545532893,1396545538259,1396545538318,
319,1,1,1396545532893,1396545538290,1396545538319,
320,1,1,1396545532894,1396545538291,1396545538320,
321,1,1,1396545532894,1396545538302,1396545538354,
322,1,1,1396545532894,1396545538318,1396545538367,
323,1,1,1396545532895,1396545538320,1396545538368,
324,1,1,1396545532895,1396545538353,1396545538385,
325,1,1,1396545532895,1396545538367,1396545538417,
326,1,1,1396545532896,1396545538368,1396545538418,
327,1,1,1396545532896,1396545538369,1396545538419,
328,1,1,1396545532896,1396545538383,1396545538433,
329,1,1,1396545532897,1396545538417,1396545538447,
330,1,1,1396545532897,1396545538419,1396545538448,
331,1,1,1396545532897,1396545538432,1396545538484,
332,1,1,1396545532898,1396545538447,1396545538484,
333,1,1,1396545532898,1396545538449,1396545538498,
334,1,1,1396545532898,1396545538482,1396545538499,
335,1,1,1396545532899,1396545538484,1396545538520,
336,1,1,1396545532899,1396545538496,1396545538520,
337,1,1,1396545532899,1396545538499,1396545538552,
338,1,1,1396545532900,1396545538499,1396545538554,
339,1,1,1396545532900,1396545538518,1396545538568,
340,1,1,1396545532900,1396545538521,1396545538570,
341,1,1,1396545533486,1396545538552,1396545538584,
342,1,1,1396545533487,1396545538568,1396545538618,
343,1,1,1396545533487,1396545538570,1396545538619,
344,1,1,1396545533487,1396545538570,1396545538620,
345,1,1,1396545533488,1396545538582,1396545538633,
346,1,1,1396545533488,1396545538618,1396545538634,
347,1,1,1396545533488,1396545538620,1396545538652,
348,1,1,1396545533489,1396545538632,1396545538652,
349,1,1,1396545533489,1396545538634,1396545538686,
350,1,1,1396545533489,1396545538650,1396545538700,
351,1,1,1396545533490,1396545538652,1396545538701,
352,1,1,1396545533490,1396545538684,1396545538716,
353,1,1,1396545533490,1396545538700,1396545538749,
354,1,1,1396545533491,1396545538701,1396545538750,
355,1,1,1396545533491,1396545538702,1396545538751,
356,1,1,1396545533491,1396545538714,1396545538766,
357,1,1,1396545533492,1396545538749,1396545538782,
358,1,1,1396545533492,1396545538751,1396545538783,
359,1,1,1396545533492,1396545538752,1396545538783,
360,1,1,1396545533493,1396545538764,1396545538817,
361,1,1,1396545533493,1396545538782,1396545538831,
362,1,1,1396545533493,1396545538783,1396545538834,
363,1,1,1396545533494,1396545538816,1396545538846,
364,1,1,1396545533494,1396545538818,1396545538847,
365,1,1,1396545533494,1396545538832,1396545538883,
366,1,1,1396545533495,1396545538846,1396545538883,
367,1,1,1396545533495,1396545538847,1396545538897,
368,1,1,1396545533495,1396545538881,1396545538897,
369,1,1,1396545533496,1396545538884,1396545538915,
370,1,1,1396545533496,1396545538895,1396545538916,
371,1,1,1396545533496,1396545538897,1396545538949,
372,1,1,1396545533497,1396545538914,1396545538964,
373,1,1,1396545533497,1396545538916,1396545538966,
374,1,1,1396545533497,1396545538948,1396545538977,
375,1,1,1396545533498,1396545538949,1396545538979,
376,1,1,1396545533498,1396545538964,1396545539013,
377,1,1,1396545533498,1396545538966,1396545539014,
378,1,1,1396545533499,1396545538977,1396545539028,
379,1,1,1396545533499,1396545539013,1396545539044,
380,1,1,1396545533499,1396545539014,1396545539045,
381,1,1,1396545533500,1396545539014,1396545539046,
382,1,1,1396545533500,1396545539027,1396545539080,
383,1,1,1396545533500,1396545539044,1396545539094,
384,1,1,1396545533501,1396545539046,1396545539095,
385,1,1,1396545533501,1396545539078,1396545539110,
386,1,1,1396545533501,1396545539094,1396545539144,
387,1,1,1396545533502,1396545539095,1396545539144,
388,1,1,1396545533502,1396545539096,1396545539145,
389,1,1,1396545533502,1396545539108,1396545539159,
390,1,1,1396545533503,1396545539144,1396545539160,
391,1,1,1396545533503,1396545539145,1396545539177,
392,1,1,1396545533503,1396545539157,1396545539178,
393,1,1,1396545533504,1396545539160,1396545539212,
394,1,1,1396545533504,1396545539176,1396545539226,
395,1,1,1396545533504,1396545539178,1396545539227,
396,1,1,1396545533505,1396545539210,1396545539239,
397,1,1,1396545533505,1396545539212,1396545539241,
398,1,1,1396545533505,1396545539226,1396545539275,
399,1,1,1396545533506,1396545539228,1396545539276,
400,1,1,1396545533506,1396545539239,1396545539291,
401,1,1,1396545533506,1396545539275,1396545539307,
402,1,1,1396545533507,1396545539276,1396545539308,
403,1,1,1396545533507,1396545539277,1396545539308,
404,1,1,1396545533507,1396545539289,1396545539342,
405,1,1,1396545533508,1396545539307,1396545539343,
406,1,1,1396545533508,1396545539308,1396545539359,
407,1,1,1396545533508,1396545539341,1396545539359,
408,1,1,1396545533509,1396545539343,1396545539372,
409,1,1,1396545533509,1396545539358,1396545539406,
410,1,1,1396545533509,1396545539359,1396545539408,
411,1,1,1396545533510,1396545539371,1396545539422,
412,1,1,1396545533510,1396545539406,1396545539438,
413,1,1,1396545533510,1396545539408,1396545539439,
414,1,1,1396545533511,1396545539408,1396545539439,
415,1,1,1396545533511,1396545539420,1396545539474,
416,1,1,1396545533511,1396545539438,1396545539489,
417,1,1,1396545533512,1396545539439,1396545539489,
418,1,1,1396545533512,1396545539440,1396545539490,
419,1,1,1396545533512,1396545539472,1396545539503,
420,1,1,1396545533512,1396545539489,1396545539537,
421,1,1,1396545533513,1396545539490,1396545539540,
422,1,1,1396545533513,1396545539501,1396545539552,
423,1,1,1396545533513,1396545539503,1396545539553,
424,1,1,1396545533514,1396545539538,1396545539570,
425,1,1,1396545533514,1396545539552,1396545539571,
426,1,1,1396545533514,1396545539553,1396545539605,
427,1,1,1396545533515,1396545539569,1396545539605,
428,1,1,1396545533515,1396545539571,1396545539620,
429,1,1,1396545533515,1396545539603,1396545539621,
430,1,1,1396545533516,1396545539605,1396545539635,
431,1,1,1396545533516,1396545539619,1396545539669,
432,1,1,1396545533516,1396545539621,1396545539671,
433,1,1,1396545533517,1396545539634,1396545539683,
434,1,1,1396545533517,1396545539635,1396545539684,
435,1,1,1396545533517,1396545539669,1396545539702,
436,1,1,1396545533518,1396545539683,1396545539703,
437,1,1,1396545533518,1396545539684,1396545539736,
438,1,1,1396545533518,1396545539701,1396545539737,
439,1,1,1396545533519,1396545539703,1396545539752,
440,1,1,1396545533519,1396545539735,1396545539753,
441,1,1,1396545533743,1396545539737,1396545539767,
442,1,1,1396545533743,1396545539751,1396545539801,
443,1,1,1396545533743,1396545539753,1396545539802,
444,1,1,1396545533744,1396545539765,1396545539816,
445,1,1,1396545533744,1396545539801,1396545539832,
446,1,1,1396545533744,1396545539802,1396545539833,
447,1,1,1396545533745,1396545539803,1396545539834,
448,1,1,1396545533745,1396545539815,1396545539868,
449,1,1,1396545533745,1396545539832,1396545539882,
450,1,1,1396545533746,1396545539834,1396545539883,
451,1,1,1396545533746,1396545539866,1396545539884,
452,1,1,1396545533746,1396545539868,1396545539898,
453,1,1,1396545533747,1396545539882,1396545539932,
454,1,1,1396545533747,1396545539884,1396545539934,
455,1,1,1396545533747,1396545539896,1396545539948,
456,1,1,1396545533748,1396545539932,1396545539964,
457,1,1,1396545533748,1396545539933,1396545539964,
458,1,1,1396545533748,1396545539934,1396545539965,
459,1,1,1396545533749,1396545539946,1396545539999,
460,1,1,1396545533749,1396545539964,1396545539999,
461,1,1,1396545533749,1396545539965,1396545540015,
462,1,1,1396545533749,1396545539998,1396545540016,
463,1,1,1396545533750,1396545540000,1396545540029,
464,1,1,1396545533750,1396545540014,1396545540064,
465,1,1,1396545533750,1396545540016,1396545540065,
466,1,1,1396545533751,1396545540028,1396545540080,
467,1,1,1396545533751,1396545540063,1396545540094,
468,1,1,1396545533751,1396545540065,1396545540095,
469,1,1,1396545533752,1396545540066,1396545540096,
470,1,1,1396545533752,1396545540078,1396545540128,
471,1,1,1396545533752,1396545540095,1396545540128,
472,1,1,1396545533753,1396545540096,1396545540144,
473,1,1,1396545533753,1396545540126,1396545540144,
474,1,1,1396545533753,1396545540128,1396545540155,
475,1,1,1396545533754,1396545540142,1396545540185,
476,1,1,1396545533754,1396545540144,1396545540186,
477,1,1,1396545533754,1396545540154,1396545540199,
478,1,1,1396545533755,1396545540185,1396545540199,
479,1,1,1396545533755,1396545540187,1396545540213,
480,1,1,1396545533755,1396545540187,1396545540214,
481,1,1,1396545533755,1396545540197,1396545540247,
482,1,1,1396545533756,1396545540213,1396545540256,
483,1,1,1396545533756,1396545540214,1396545540257,
484,1,1,1396545534296,1396545540215,1396545540258,
485,1,1,1396545534297,1396545540245,1396545540275,
486,1,1,1396545534297,1396545540257,1396545540309,
487,1,1,1396545534297,1396545540258,1396545540310,
488,1,1,1396545534298,1396545540273,1396545540325,
489,1,1,1396545534298,1396545540309,1396545540340,
490,1,1,1396545534298,1396545540310,1396545540341,
491,1,1,1396545534299,1396545540311,1396545540342,
492,1,1,1396545534299,1396545540323,1396545540376,
493,1,1,1396545534299,1396545540340,1396545540376,
494,1,1,1396545534300,1396545540342,1396545540392,
495,1,1,1396545534300,1396545540374,1396545540393,
496,1,1,1396545534300,1396545540376,1396545540406,
497,1,1,1396545534301,1396545540391,1396545540441,
498,1,1,1396545534301,1396545540393,1396545540442,
499,1,1,1396545534301,1396545540405,1396545540456,
500,1,1,1396545534301,1396545540441,1396545540472,
501,1,1,1396545534302,1396545540442,1396545540473,
502,1,1,1396545534302,1396545540443,1396545540474,
503,1,1,1396545534302,1396545540455,1396545540509,
504,1,1,1396545534303,1396545540472,1396545540523,
505,1,1,1396545534303,1396545540474,1396545540524,
506,1,1,1396545534303,1396545540475,1396545540525,
507,1,1,1396545534304,1396545540507,1396545540537,
508,1,1,1396545534304,1396545540523,1396545540572,
509,1,1,1396545534304,1396545540525,1396545540574,
510,1,1,1396545534305,1396545540536,1396545540586,
511,1,1,1396545534305,1396545540538,1396545540587,
512,1,1,1396545534305,1396545540572,1396545540606,
513,1,1,1396545534305,1396545540586,1396545540607,
514,1,1,1396545534306,1396545540587,1396545540638,
515,1,1,1396545534306,1396545540588,1396545540640,
516,1,1,1396545534306,1396545540604,1396545540655,
517,1,1,1396545534307,1396545540638,1396545540656,
518,1,1,1396545534307,1396545540639,1396545540669,
519,1,1,1396545534307,1396545540654,1396545540703,
520,1,1,1396545534308,1396545540656,1396545540706,
521,1,1,1396545534308,1396545540668,1396545540718,
522,1,1,1396545534308,1396545540670,1396545540719,
523,1,1,1396545534309,1396545540704,1396545540737,
524,1,1,1396545534309,1396545540718,1396545540737,
525,1,1,1396545534309,1396545540719,1396545540771,
526,1,1,1396545534309,1396545540735,1396545540771,
527,1,1,1396545534310,1396545540738,1396545540787,
528,1,1,1396545534310,1396545540769,1396545540788,
529,1,1,1396545534310,1396545540771,1396545540801,
530,1,1,1396545534311,1396545540786,1396545540836,
531,1,1,1396545534311,1396545540788,1396545540837,
532,1,1,1396545534311,1396545540800,1396545540851,
533,1,1,1396545534311,1396545540836,1396545540867,
534,1,1,1396545534312,1396545540837,1396545540868,
535,1,1,1396545534312,1396545540838,1396545540869,
536,1,1,1396545534312,1396545540850,1396545540903,
537,1,1,1396545534313,1396545540868,1396545540903,
538,1,1,1396545534313,1396545540869,1396545540919,
539,1,1,1396545534313,1396545540901,1396545540920,
540,1,1,1396545534313,1396545540903,1396545540933,
541,1,1,1396545534314,1396545540917,1396545540968,
542,1,1,1396545534314,1396545540920,1396545540969,
543,1,1,1396545534314,1396545540932,1396545540983,
544,1,1,1396545534315,1396545540968,1396545540999,
545,1,1,1396545534315,1396545540969,1396545541000,
546,1,1,1396545534315,1396545540970,1396545541001,
547,1,1,1396545534315,1396545540982,1396545541035,
548,1,1,1396545534316,1396545540999,1396545541049,
549,1,1,1396545534316,1396545541001,1396545541050,
550,1,1,1396545534316,1396545541002,1396545541051,
551,1,1,1396545534317,1396545541034,1396545541065,
552,1,1,1396545534317,1396545541049,1396545541065,
553,1,1,1396545534317,1396545541051,1396545541101,
554,1,1,1396545534317,1396545541063,1396545541113,
555,1,1,1396545534318,1396545541065,1396545541115,
556,1,1,1396545534318,1396545541100,1396545541131,
557,1,1,1396545534318,1396545541102,1396545541132,
558,1,1,1396545534319,1396545541114,1396545541167,
559,1,1,1396545534319,1396545541131,1396545541181,
560,1,1,1396545534319,1396545541133,1396545541182,
561,1,1,1396545534320,1396545541133,1396545541183,
562,1,1,1396545534320,1396545541166,1396545541197,
563,1,1,1396545534320,1396545541181,1396545541197,
564,1,1,1396545534320,1396545541183,1396545541233,
565,1,1,1396545534321,1396545541195,1396545541233,
566,1,1,1396545534321,1396545541197,1396545541247,
567,1,1,1396545534321,1396545541231,1396545541263,
568,1,1,1396545534321,1396545541233,1396545541264,
569,1,1,1396545534322,1396545541245,1396545541299,
570,1,1,1396545534322,1396545541263,1396545541313,
571,1,1,1396545534322,1396545541265,1396545541313,
572,1,1,1396545534323,1396545541265,1396545541314,
573,1,1,1396545534323,1396545541297,1396545541363,
574,1,1,1396545534323,1396545541313,1396545541364,
575,1,1,1396545534324,1396545541314,1396545541377,
576,1,1,1396545534324,1396545541326,1396545541395,
577,1,1,1396545534324,1396545541363,1396545541396,
578,1,1,1396545534324,1396545541364,1396545541431,
579,1,1,1396545534325,1396545541377,1396545541445,
580,1,1,1396545534325,1396545541396,1396545541446,
581,1,1,1396545534325,1396545541396,1396545541447,
582,1,1,1396545534326,1396545541429,1396545541460,
583,1,1,1396545534326,1396545541445,1396545541494,
584,1,1,1396545534874,1396545541447,1396545541497,
585,1,1,1396545534874,1396545541459,1396545541509,
586,1,1,1396545534875,1396545541461,1396545541510,
587,1,1,1396545534875,1396545541495,1396545541529,
588,1,1,1396545534875,1396545541509,1396545541529,
589,1,1,1396545534876,1396545541510,1396545541561,
590,1,1,1396545534876,1396545541511,1396545541562,
591,1,1,1396545534876,1396545541527,1396545541578,
592,1,1,1396545534876,1396545541561,1396545541579,
593,1,1,1396545534877,1396545541562,1396545541592,
594,1,1,1396545534877,1396545541577,1396545541626,
595,1,1,1396545534877,1396545541579,1396545541628,
596,1,1,1396545534878,1396545541591,1396545541640,
597,1,1,1396545534878,1396545541593,1396545541642,
598,1,1,1396545534878,1396545541627,1396545541660,
599,1,1,1396545534878,1396545541640,1396545541660,
600,1,1,1396545534879,1396545541642,1396545541694,
601,1,1,1396545534879,1396545541658,1396545541694,
602,1,1,1396545534879,1396545541660,1396545541710,
603,1,1,1396545534880,1396545541692,1396545541722,
604,1,1,1396545534880,1396545541694,1396545541724,
605,1,1,1396545534880,1396545541708,1396545541758,
606,1,1,1396545534880,1396545541711,1396545541759,
607,1,1,1396545534881,1396545541723,1396545541774,
608,1,1,1396545534881,1396545541758,1396545541790,
609,1,1,1396545534881,1396545541760,1396545541791,
610,1,1,1396545534882,1396545541760,1396545541792,
611,1,1,1396545534882,1396545541773,1396545541826,
612,1,1,1396545534882,1396545541790,1396545541826,
613,1,1,1396545534882,1396545541792,1396545541842,
614,1,1,1396545534883,1396545541824,1396545541843,
615,1,1,1396545534883,1396545541826,1396545541856,
616,1,1,1396545534883,1396545541841,1396545541890,
617,1,1,1396545534884,1396545541843,1396545541892,
618,1,1,1396545534884,1396545541855,1396545541906,
619,1,1,1396545534884,1396545541890,1396545541907,
620,1,1,1396545534884,1396545541892,1396545541923,
621,1,1,1396545534885,1396545541893,1396545541924,
622,1,1,1396545534885,1396545541905,1396545541958,
623,1,1,1396545534885,1396545541922,1396545541972,
624,1,1,1396545534886,1396545541924,1396545541973,
625,1,1,1396545534886,1396545541924,1396545541974,
626,1,1,1396545534886,1396545541957,1396545541988,
627,1,1,1396545534886,1396545541972,1396545542022,
628,1,1,1396545534887,1396545541974,1396545542024,
629,1,1,1396545534887,1396545541986,1396545542036,
630,1,1,1396545534887,1396545541988,1396545542037,
631,1,1,1396545534887,1396545542022,1396545542055,
632,1,1,1396545534888,1396545542036,1396545542056,
633,1,1,1396545534888,1396545542037,1396545542090,
634,1,1,1396545534888,1396545542054,1396545542104,
635,1,1,1396545534889,1396545542056,1396545542106,
636,1,1,1396545534889,1396545542088,1396545542107,
637,1,1,1396545534889,1396545542090,1396545542120,
638,1,1,1396545534889,1396545542104,1396545542154,
639,1,1,1396545534890,1396545542107,1396545542156,
640,1,1,1396545534890,1396545542119,1396545542170,
641,1,1,1396545534890,1396545542154,1396545542186,
642,1,1,1396545534891,1396545542156,1396545542188,
643,1,1,1396545534891,1396545542157,1396545542188,
644,1,1,1396545534891,1396545542169,1396545542223,
645,1,1,1396545534892,1396545542186,1396545542236,
646,1,1,1396545534892,1396545542189,1396545542238,
647,1,1,1396545534892,1396545542189,1396545542238,
648,1,1,1396545534892,1396545542221,1396545542252,
649,1,1,1396545534893,1396545542236,1396545542286,
650,1,1,1396545534893,1396545542238,1396545542287,
651,1,1,1396545534893,1396545542250,1396545542302,
652,1,1,1396545534893,1396545542286,1396545542302,
653,1,1,1396545534894,1396545542287,1396545542319,
654,1,1,1396545534894,1396545542288,1396545542320,
655,1,1,1396545534894,1396545542300,1396545542354,
656,1,1,1396545534894,1396545542318,1396545542368,
657,1,1,1396545534895,1396545542320,1396545542369,
658,1,1,1396545534895,1396545542320,1396545542370,
659,1,1,1396545534895,1396545542353,1396545542384,
660,1,1,1396545534895,1396545542369,1396545542418,
661,1,1,1396545534896,1396545542370,1396545542420,
662,1,1,1396545534896,1396545542382,1396545542432,
663,1,1,1396545534896,1396545542384,1396545542434,
664,1,1,1396545534897,1396545542419,1396545542453,
665,1,1,1396545534897,1396545542432,1396545542453,
666,1,1,1396545534897,1396545542434,1396545542485,
667,1,1,1396545534897,1396545542434,1396545542486,
668,1,1,1396545534898,1396545542451,1396545542502,
669,1,1,1396545534898,1396545542484,1396545542502,
670,1,1,1396545534898,1396545542486,1396545542516,
671,1,1,1396545534898,1396545542501,1396545542517,
672,1,1,1396545534899,1396545542502,1396545542552,
673,1,1,1396545534899,1396545542515,1396545542565,
674,1,1,1396545534899,1396545542517,1396545542567,
675,1,1,1396545534899,1396545542551,1396545542583,
676,1,1,1396545534900,1396545542553,1396545542584,
677,1,1,1396545534900,1396545542565,1396545542619,
678,1,1,1396545534900,1396545542583,1396545542633,
679,1,1,1396545534900,1396545542584,1396545542634,
680,1,1,1396545534901,1396545542585,1396545542634,
681,1,1,1396545534901,1396545542617,1396545542649,
682,1,1,1396545534901,1396545542633,1396545542683,
683,1,1,1396545534901,1396545542634,1396545542684,
684,1,1,1396545535241,1396545542635,1396545542685,
685,1,1,1396545535241,1396545542647,1396545542699,
686,1,1,1396545535242,1396545542683,1396545542715,
687,1,1,1396545535242,1396545542685,1396545542717,
688,1,1,1396545535242,1396545542697,1396545542749,
689,1,1,1396545535242,1396545542699,1396545542751,
690,1,1,1396545535243,1396545542715,1396545542767,
691,1,1,1396545535243,1396545542749,1396545542768,
692,1,1,1396545535243,1396545542751,1396545542780,
693,1,1,1396545535243,1396545542752,1396545542781,
694,1,1,1396545535243,1396545542766,1396545542817,
695,1,1,1396545535244,1396545542780,1396545542817,
696,1,1,1396545535244,1396545542781,1396545542831,
697,1,1,1396545535244,1396545542815,1396545542847,
698,1,1,1396545535244,1396545542818,1396545542849,
699,1,1,1396545535245,1396545542830,1396545542881,
700,1,1,1396545535245,1396545542832,1396545542883,
701,1,1,1396545535245,1396545542848,1396545542899,
702,1,1,1396545535246,1396545542881,1396545542899,
703,1,1,1396545535246,1396545542883,1396545542913,
704,1,1,1396545535246,1396545542897,1396545542913,
705,1,1,1396545535246,1396545542899,1396545542949,
706,1,1,1396545535246,1396545542911,1396545542961,
707,1,1,1396545535247,1396545542913,1396545542962,
708,1,1,1396545535247,1396545542948,1396545542981,
709,1,1,1396545535247,1396545542961,1396545542982,
710,1,1,1396545535247,1396545542963,1396545543014,
711,1,1,1396545535248,1396545542963,1396545543015,
712,1,1,1396545535248,1396545542980,1396545543031,
713,1,1,1396545535248,1396545543014,1396545543031,
714,1,1,1396545535248,1396545543015,1396545543045,
715,1,1,1396545535249,1396545543029,1396545543079,
716,1,1,1396545535249,1396545543031,1396545543082,
717,1,1,1396545535249,1396545543044,1396545543094,
718,1,1,1396545535249,1396545543045,1396545543095,
719,1,1,1396545535250,1396545543080,1396545543113,
720,1,1,1396545535250,1396545543094,1396545543114,
721,1,1,1396545535250,1396545543095,1396545543147,
722,1,1,1396545535250,1396545543111,1396545543148,
723,1,1,1396545535251,1396545543113,1396545543163,
724,1,1,1396545535251,1396545543145,1396545543164,
725,1,1,1396545535251,1396545543148,1396545543177,
726,1,1,1396545535251,1396545543162,1396545543211,
727,1,1,1396545535252,1396545543164,1396545543213,
728,1,1,1396545535252,1396545543176,1396545543227,
729,1,1,1396545535252,1396545543211,1396545543227,
730,1,1,1396545535252,1396545543213,1396545543246,
731,1,1,1396545535253,1396545543214,1396545543277,
732,1,1,1396545535253,1396545543227,1396545543278,
733,1,1,1396545535253,1396545543228,1396545543279,
734,1,1,1396545535253,1396545543244,1396545543295,
735,1,1,1396545535254,1396545543277,1396545543296,
736,1,1,1396545535254,1396545543279,1396545543310,
737,1,1,1396545535254,1396545543293,1396545543344,
738,1,1,1396545535254,1396545543296,1396545543346,
739,1,1,1396545535255,1396545543308,1396545543358,
740,1,1,1396545535255,1396545543310,1396545543359,
741,1,1,1396545535839,1396545543344,1396545543377,
742,1,1,1396545535840,1396545543358,1396545543377,
743,1,1,1396545535840,1396545543359,1396545543411,
744,1,1,1396545535840,1396545543375,1396545543412,
745,1,1,1396545535840,1396545543377,1396545543428,
746,1,1,1396545535841,1396545543409,1396545543428,
747,1,1,1396545535841,1396545543412,1396545543442,
748,1,1,1396545535841,1396545543426,1396545543476,
749,1,1,1396545535841,1396545543428,1396545543477,
750,1,1,1396545535842,1396545543440,1396545543492,
751,1,1,1396545535842,1396545543476,1396545543507,
752,1,1,1396545535842,1396545543477,1396545543509,
753,1,1,1396545535842,1396545543478,1396545543509,
754,1,1,1396545535842,1396545543490,1396545543543,
755,1,1,1396545535843,1396545543507,1396545543544,
756,1,1,1396545535843,1396545543509,1396545543560,
757,1,1,1396545535843,1396545543541,1396545543560,
758,1,1,1396545535843,1396545543544,1396545543574,
759,1,1,1396545535844,1396545543558,1396545543602,
760,1,1,1396545535844,1396545543560,1396545543603,
761,1,1,1396545535844,1396545543572,1396545543620,
762,1,1,1396545535844,1396545543602,1396545543634,
763,1,1,1396545535844,1396545543604,1396545543635,
764,1,1,1396545535845,1396545543619,1396545543670,
765,1,1,1396545535845,1396545543634,1396545543670,
766,1,1,1396545535845,1396545543635,1396545543685,
767,1,1,1396545535845,1396545543668,1396545543699,
768,1,1,1396545535846,1396545543670,1396545543700,
769,1,1,1396545535846,1396545543683,1396545543735,
770,1,1,1396545535846,1396545543699,1396545543748,
771,1,1,1396545535846,1396545543700,1396545543749,
772,1,1,1396545535846,1396545543701,1396545543750,
773,1,1,1396545535847,1396545543734,1396545543765,
774,1,1,1396545535847,1396545543748,1396545543798,
775,1,1,1396545535847,1396545543750,1396545543799,
776,1,1,1396545535847,1396545543764,1396545543814,
777,1,1,1396545535848,1396545543798,1396545543814,
778,1,1,1396545535848,1396545543799,1396545543830,
779,1,1,1396545535848,1396545543812,1396545543863,
780,1,1,1396545535848,1396545543814,1396545543864,
781,1,1,1396545535848,1396545543828,1396545543879,
782,1,1,1396545535849,1396545543863,1396545543879,
783,1,1,1396545535849,1396545543864,1396545543896,
784,1,1,1396545535849,1396545543877,1396545543928,
785,1,1,1396545535849,1396545543879,1396545543928,
786,1,1,1396545535849,1396545543893,1396545543940,
787,1,1,1396545535850,1396545543928,1396545543956,
788,1,1,1396545535850,1396545543928,1396545543956,
789,1,1,1396545535850,1396545543939,1396545543987,
790,1,1,1396545535850,1396545543940,1396545543999,
791,1,1,1396545535851,1396545543955,1396545543999,
792,1,1,1396545535851,1396545543956,1396545543999,
793,1,1,1396545535851,1396545543987,1396545544015,
794,1,1,1396545535851,1396545543999,1396545544047,
795,1,1,1396545535851,1396545543999,1396545544058,
796,1,1,1396545535852,1396545544015,1396545544058,
797,1,1,1396545535852,1396545544015,1396545544058,
798,1,1,1396545535852,1396545544046,1396545544075,
799,1,1,1396545535852,1396545544058,1396545544110,
800,1,1,1396545535852,1396545544058,1396545544122,
801,1,1,1396545535853,1396545544074,1396545544123,
802,1,1,1396545535853,1396545544075,1396545544124,
803,1,1,1396545535853,1396545544108,1396545544139,
804,1,1,1396545535853,1396545544122,1396545544172,
805,1,1,1396545535854,1396545544124,1396545544173,
806,1,1,1396545535854,1396545544138,1396545544188,
807,1,1,1396545535854,1396545544172,1396545544189,
808,1,1,1396545535854,1396545544174,1396545544204,
809,1,1,1396545535855,1396545544187,1396545544237,
810,1,1,1396545535855,1396545544189,1396545544238,
811,1,1,1396545535855,1396545544203,1396545544254,
812,1,1,1396545535855,1396545544237,1396545544267,
813,1,1,1396545535855,1396545544238,1396545544268,
814,1,1,1396545535856,1396545544239,1396545544302,
815,1,1,1396545535856,1396545544252,1396545544304,
816,1,1,1396545535856,1396545544268,1396545544316,
817,1,1,1396545535856,1396545544269,1396545544317,
818,1,1,1396545535856,1396545544302,1396545544333,
819,1,1,1396545535857,1396545544316,1396545544366,
820,1,1,1396545535857,1396545544318,1396545544368,
821,1,1,1396545535857,1396545544332,1396545544381,
822,1,1,1396545535857,1396545544334,1396545544382,
823,1,1,1396545535858,1396545544366,1396545544398,
824,1,1,1396545535858,1396545544381,1396545544431,
825,1,1,1396545535858,1396545544382,1396545544433,
826,1,1,1396545535858,1396545544396,1396545544445,
827,1,1,1396545535858,1396545544398,1396545544447,
828,1,1,1396545535859,1396545544431,1396545544462,
829,1,1,1396545535859,1396545544445,1396545544495,
830,1,1,1396545535859,1396545544447,1396545544496,
831,1,1,1396545535859,1396545544461,1396545544512,
832,1,1,1396545535859,1396545544495,1396545544525,
833,1,1,1396545535860,1396545544496,1396545544526,
834,1,1,1396545535860,1396545544497,1396545544559,
835,1,1,1396545535860,1396545544510,1396545544562,
836,1,1,1396545535860,1396545544526,1396545544574,
837,1,1,1396545535860,1396545544527,1396545544575,
838,1,1,1396545535861,1396545544560,1396545544591,
839,1,1,1396545535861,1396545544574,1396545544624,
840,1,1,1396545535861,1396545544576,1396545544624,
841,1,1,1396545536454,1396545544590,1396545544636,
842,1,1,1396545536454,1396545544592,1396545544636,
843,1,1,1396545536454,1396545544624,1396545544652,
844,1,1,1396545536455,1396545544636,1396545544683,
845,1,1,1396545536455,1396545544636,1396545544695,
846,1,1,1396545536455,1396545544651,1396545544696,
847,1,1,1396545536455,1396545544652,1396545544710,
848,1,1,1396545536455,1396545544683,1396545544712,
849,1,1,1396545536456,1396545544695,1396545544745,
850,1,1,1396545536456,1396545544697,1396545544746,
851,1,1,1396545536456,1396545544711,1396545544761,
852,1,1,1396545536456,1396545544745,1396545544775,
853,1,1,1396545536457,1396545544746,1396545544776,
854,1,1,1396545536457,1396545544760,1396545544811,
855,1,1,1396545536457,1396545544775,1396545544811,
856,1,1,1396545536457,1396545544776,1396545544826,
857,1,1,1396545536457,1396545544809,1396545544839,
858,1,1,1396545536458,1396545544811,1396545544841,
859,1,1,1396545536458,1396545544824,1396545544875,
860,1,1,1396545536458,1396545544839,1396545544876,
861,1,1,1396545536458,1396545544841,1396545544890,
862,1,1,1396545536459,1396545544874,1396545544904,
863,1,1,1396545536459,1396545544876,1396545544905,
864,1,1,1396545536459,1396545544889,1396545544940,
865,1,1,1396545536459,1396545544904,1396545544940,
866,1,1,1396545536459,1396545544905,1396545544955,
867,1,1,1396545536460,1396545544938,1396545544969,
868,1,1,1396545536460,1396545544940,1396545544970,
869,1,1,1396545536460,1396545544953,1396545545005,
870,1,1,1396545536460,1396545544969,1396545545006,
871,1,1,1396545536460,1396545544971,1396545545020,
872,1,1,1396545536461,1396545545003,1396545545034,
873,1,1,1396545536461,1396545545006,1396545545035,
874,1,1,1396545536461,1396545545019,1396545545069,
875,1,1,1396545536461,1396545545034,1396545545070,
876,1,1,1396545536461,1396545545035,1396545545084,
877,1,1,1396545536462,1396545545068,1396545545099,
878,1,1,1396545536462,1396545545070,1396545545100,
879,1,1,1396545536462,1396545545083,1396545545135,
880,1,1,1396545536462,1396545545099,1396545545148,
881,1,1,1396545536463,1396545545100,1396545545149,
882,1,1,1396545536463,1396545545101,1396545545149,
883,1,1,1396545536463,1396545545134,1396545545165,
884,1,1,1396545536463,1396545545148,1396545545198,
885,1,1,1396545536463,1396545545150,1396545545199,
886,1,1,1396545536464,1396545545164,1396545545214,
887,1,1,1396545536464,1396545545198,1396545545228,
888,1,1,1396545536464,1396545545200,1396545545229,
889,1,1,1396545536464,1396545545212,1396545545264,
890,1,1,1396545536464,1396545545228,1396545545264,
891,1,1,1396545536465,1396545545229,1396545545279,
892,1,1,1396545536465,1396545545262,1396545545293,
893,1,1,1396545536465,1396545545264,1396545545294,
894,1,1,1396545536465,1396545545277,1396545545329,
895,1,1,1396545536465,1396545545292,1396545545342,
896,1,1,1396545536466,1396545545294,1396545545343,
897,1,1,1396545536466,1396545545295,1396545545357,
898,1,1,1396545536466,1396545545328,1396545545359,
899,1,1,1396545536466,1396545545342,1396545545392,
900,1,1,1396545536466,1396545545344,1396545545393,
901,1,1,1396545536467,1396545545357,1396545545408,
902,1,1,1396545536467,1396545545392,1396545545422,
903,1,1,1396545536467,1396545545393,1396545545423,
904,1,1,1396545536468,1396545545406,1396545545457,
905,1,1,1396545536468,1396545545408,1396545545458,
906,1,1,1396545536468,1396545545422,1396545545472,
907,1,1,1396545536468,1396545545457,1396545545486,
908,1,1,1396545536469,1396545545458,1396545545487,
909,1,1,1396545536469,1396545545471,1396545545522,
910,1,1,1396545536469,1396545545486,1396545545523,
911,1,1,1396545536469,1396545545487,1396545545537,
912,1,1,1396545536469,1396545545521,1396545545551,
913,1,1,1396545536470,1396545545523,1396545545552,
914,1,1,1396545536470,1396545545536,1396545545588,
915,1,1,1396545536470,1396545545551,1396545545600,
916,1,1,1396545536470,1396545545552,1396545545601,
917,1,1,1396545536470,1396545545553,1396545545602,
918,1,1,1396545536471,1396545545586,1396545545618,
919,1,1,1396545536471,1396545545600,1396545545650,
920,1,1,1396545536471,1396545545602,1396545545652,
921,1,1,1396545536471,1396545545616,1396545545666,
922,1,1,1396545536471,1396545545650,1396545545667,
923,1,1,1396545536472,1396545545652,1396545545682,
924,1,1,1396545536472,1396545545665,1396545545715,
925,1,1,1396545536472,1396545545667,1396545545716,
926,1,1,1396545536472,1396545545681,1396545545732,
927,1,1,1396545536472,1396545545715,1396545545746,
928,1,1,1396545536473,1396545545717,1396545545747,
929,1,1,1396545536473,1396545545717,1396545545747,
930,1,1,1396545536473,1396545545731,1396545545782,
931,1,1,1396545536473,1396545545746,1396545545794,
932,1,1,1396545536473,1396545545747,1396545545796,
933,1,1,1396545536474,1396545545780,1396545545812,
934,1,1,1396545536474,1396545545794,1396545545812,
935,1,1,1396545536474,1396545545796,1396545545847,
936,1,1,1396545536474,1396545545810,1396545545859,
937,1,1,1396545536474,1396545545812,1396545545861,
938,1,1,1396545536475,1396545545845,1396545545877,
939,1,1,1396545536475,1396545545859,1396545545910,
940,1,1,1396545536475,1396545545861,1396545545911,
941,1,1,1396545537002,1396545545862,1396545545911,
942,1,1,1396545537003,1396545545876,1396545545926,
943,1,1,1396545537003,1396545545910,1396545545940,
944,1,1,1396545537003,1396545545911,1396545545941,
945,1,1,1396545537004,1396545545925,1396545545975,
946,1,1,1396545537004,1396545545940,1396545545976,
947,1,1,1396545537004,1396545545941,1396545545991,
948,1,1,1396545537004,1396545545974,1396545546004,
949,1,1,1396545537005,1396545545976,1396545546005,
950,1,1,1396545537005,1396545545989,1396545546040,
951,1,1,1396545537005,1396545546004,1396545546041,
952,1,1,1396545537005,1396545546006,1396545546055,
953,1,1,1396545537005,1396545546039,1396545546069,
954,1,1,1396545537006,1396545546041,1396545546071,
955,1,1,1396545537006,1396545546054,1396545546105,
956,1,1,1396545537006,1396545546069,1396545546106,
957,1,1,1396545537006,1396545546071,1396545546120,
958,1,1,1396545537006,1396545546104,1396545546134,
959,1,1,1396545537007,1396545546106,1396545546135,
960,1,1,1396545537007,1396545546119,1396545546170,
961,1,1,1396545537007,1396545546134,1396545546170,
962,1,1,1396545537007,1396545546136,1396545546185,
963,1,1,1396545537007,1396545546168,1396545546199,
964,1,1,1396545537008,1396545546171,1396545546200,
965,1,1,1396545537008,1396545546184,1396545546235,
966,1,1,1396545537008,1396545546199,1396545546235,
967,1,1,1396545537008,1396545546200,1396545546250,
968,1,1,1396545537008,1396545546233,1396545546264,
969,1,1,1396545537009,1396545546235,1396545546265,
970,1,1,1396545537009,1396545546248,1396545546301,
971,1,1,1396545537009,1396545546264,1396545546313,
972,1,1,1396545537009,1396545546265,1396545546314,
973,1,1,1396545537009,1396545546266,1396545546328,
974,1,1,1396545537010,1396545546299,1396545546331,
975,1,1,1396545537010,1396545546313,1396545546363,
976,1,1,1396545537010,1396545546315,1396545546364,
977,1,1,1396545537010,1396545546329,1396545546379,
978,1,1,1396545537010,1396545546363,1396545546394,
979,1,1,1396545537010,1396545546365,1396545546396,
980,1,1,1396545537011,1396545546378,1396545546397,
981,1,1,1396545537011,1396545546379,1396545546430,
982,1,1,1396545537011,1396545546394,1396545546430,
983,1,1,1396545537011,1396545546397,1396545546442,
984,1,1,1396545537011,1396545546397,1396545546444,
985,1,1,1396545537012,1396545546428,1396545546460,
986,1,1,1396545537012,1396545546430,1396545546462,
987,1,1,1396545537012,1396545546442,1396545546496,
988,1,1,1396545537012,1396545546460,1396545546510,
989,1,1,1396545537012,1396545546462,1396545546511,
990,1,1,1396545537013,1396545546462,1396545546512,
991,1,1,1396545537013,1396545546495,1396545546525,
992,1,1,1396545537013,1396545546511,1396545546559,
993,1,1,1396545537013,1396545546512,1396545546561,
994,1,1,1396545537013,1396545546523,1396545546573,
995,1,1,1396545537014,1396545546525,1396545546574,
996,1,1,1396545537014,1396545546560,1396545546592,
997,1,1,1396545537014,1396545546573,1396545546593,
998,1,1,1396545537014,1396545546574,1396545546626,
999,1,1,1396545537014,1396545546591,1396545546627,
1000,1,1,1396545537014,1396545546593,1396545546642,
-1,1,1,1396545537015,1396545546625,1396545546643,

runtime,15.171,sec
throughput,65.91524,msgs/sec
bandwidth,0.065915234,MB/sec
