Message ID,Producer ID,Consumer ID,Result,Sent time,Ack Sent Time,Ack Recv Time,
1,1,1,1,1397397141403,1397397141490,1397397141500,
2,1,1,1,1397397141500,1397397141541,1397397141584,
3,1,1,1,1397397141584,1397397141626,1397397141667,
4,1,1,1,1397397141667,1397397141709,1397397141753,
5,1,1,1,1397397141753,1397397141793,1397397141836,
6,1,1,1,1397397141836,1397397141875,1397397141917,
7,1,1,1,1397397141917,1397397141961,1397397142004,
8,1,1,1,1397397142005,1397397142045,1397397142088,
9,1,1,1,1397397142088,1397397142129,1397397142171,
10,1,1,1,1397397142171,1397397142214,1397397142257,
11,1,1,1,1397397142257,1397397142301,1397397142345,
12,1,1,1,1397397142345,1397397142384,1397397142425,
13,1,1,1,1397397142425,1397397142465,1397397142508,
14,1,1,1,1397397142508,1397397142549,1397397142593,
15,1,1,1,1397397142593,1397397142633,1397397142675,
16,1,1,1,1397397142675,1397397142717,1397397142760,
17,1,1,1,1397397142760,1397397142801,1397397142845,
18,1,1,1,1397397142845,1397397142884,1397397142924,
19,1,1,1,1397397142924,1397397142965,1397397143008,
20,1,1,1,1397397143008,1397397143049,1397397143092,
21,1,1,1,1397397143092,1397397143133,1397397143175,
22,1,1,1,1397397143175,1397397143217,1397397143260,
23,1,1,1,1397397143260,1397397143301,1397397143344,
24,1,1,1,1397397143344,1397397143384,1397397143424,
25,1,1,1,1397397143424,1397397143465,1397397143508,
26,1,1,1,1397397143508,1397397143549,1397397143591,
27,1,1,1,1397397143591,1397397143633,1397397143676,
28,1,1,1,1397397143676,1397397143717,1397397143760,
29,1,1,1,1397397143760,1397397143799,1397397143840,
30,1,1,1,1397397143840,1397397143881,1397397143924,
31,1,1,1,1397397143924,1397397143965,1397397144008,
32,1,1,1,1397397144008,1397397144049,1397397144091,
33,1,1,1,1397397144091,1397397144133,1397397144176,
34,1,1,1,1397397144176,1397397144217,1397397144260,
35,1,1,1,1397397144260,1397397144299,1397397144340,
36,1,1,1,1397397144340,1397397144381,1397397144424,
37,1,1,1,1397397144424,1397397144465,1397397144508,
38,1,1,1,1397397144508,1397397144549,1397397144591,
39,1,1,1,1397397144591,1397397144633,1397397144676,
40,1,1,1,1397397144676,1397397144717,1397397144760,
41,1,1,1,1397397144760,1397397144801,1397397144844,
42,1,1,1,1397397144844,1397397144885,1397397144928,
43,1,1,1,1397397144928,1397397144968,1397397145011,
44,1,1,1,1397397145011,1397397145053,1397397145096,
45,1,1,1,1397397145096,1397397145136,1397397145176,
46,1,1,1,1397397145176,1397397145216,1397397145255,
47,1,1,1,1397397145255,1397397145295,1397397145336,
48,1,1,1,1397397145336,1397397145376,1397397145415,
49,1,1,1,1397397145415,1397397145456,1397397145495,
50,1,1,1,1397397145495,1397397145536,1397397145580,
51,1,1,1,1397397145580,1397397145620,1397397145660,
52,1,1,1,1397397145660,1397397145699,1397397145740,
53,1,1,1,1397397145740,1397397145780,1397397145820,
54,1,1,1,1397397145820,1397397145860,1397397145899,
55,1,1,1,1397397145899,1397397145940,1397397145980,
56,1,1,1,1397397145980,1397397146020,1397397146060,
57,1,1,1,1397397146060,1397397146099,1397397146140,
58,1,1,1,1397397146140,1397397146180,1397397146220,
59,1,1,1,1397397146220,1397397146260,1397397146299,
60,1,1,1,1397397146299,1397397146340,1397397146380,
61,1,1,1,1397397146380,1397397146419,1397397146460,
62,1,1,1,1397397146460,1397397146500,1397397146540,
63,1,1,1,1397397146540,1397397146580,1397397146620,
64,1,1,1,1397397146620,1397397146660,1397397146700,
65,1,1,1,1397397146700,1397397146741,1397397146784,
66,1,1,1,1397397146784,1397397146824,1397397146864,
67,1,1,1,1397397146864,1397397146904,1397397146944,
68,1,1,1,1397397146944,1397397146984,1397397147024,
69,1,1,1,1397397147024,1397397147064,1397397147104,
70,1,1,1,1397397147104,1397397147144,1397397147184,
71,1,1,1,1397397147184,1397397147224,1397397147268,
72,1,1,1,1397397147268,1397397147308,1397397147348,
73,1,1,1,1397397147348,1397397147388,1397397147428,
74,1,1,1,1397397147428,1397397147483,1397397147524,
75,1,1,1,1397397147524,1397397147564,1397397147603,
76,1,1,1,1397397147603,1397397147644,1397397147684,
77,1,1,1,1397397147684,1397397147724,1397397147764,
78,1,1,1,1397397147764,1397397147804,1397397147848,
79,1,1,1,1397397147848,1397397147888,1397397147927,
80,1,1,1,1397397147928,1397397147968,1397397148008,
81,1,1,1,1397397148008,1397397148048,1397397148088,
82,1,1,1,1397397148088,1397397148128,1397397148168,
83,1,1,1,1397397148168,1397397148208,1397397148248,
84,1,1,1,1397397148248,1397397148288,1397397148327,
85,1,1,1,1397397148327,1397397148368,1397397148407,
86,1,1,1,1397397148407,1397397148448,1397397148488,
87,1,1,1,1397397148488,1397397148528,1397397148568,
88,1,1,1,1397397148568,1397397148608,1397397148647,
89,1,1,1,1397397148647,1397397148688,1397397148727,
90,1,1,1,1397397148727,1397397148768,1397397148807,
91,1,1,1,1397397148808,1397397148848,1397397148887,
92,1,1,1,1397397148887,1397397148928,1397397148968,
93,1,1,1,1397397148968,1397397149008,1397397149047,
94,1,1,1,1397397149047,1397397149088,1397397149127,
95,1,1,1,1397397149127,1397397149168,1397397149207,
96,1,1,1,1397397149207,1397397149248,1397397149287,
97,1,1,1,1397397149287,1397397149328,1397397149367,
98,1,1,1,1397397149367,1397397149407,1397397149447,
99,1,1,1,1397397149447,1397397149488,1397397149527,
100,1,1,1,1397397149527,1397397149567,1397397149607,
101,1,1,1,1397397149607,1397397149648,1397397149687,
102,1,1,1,1397397149687,1397397149727,1397397149767,
103,1,1,1,1397397149767,1397397149807,1397397149847,
104,1,1,1,1397397149847,1397397149888,1397397149927,
105,1,1,1,1397397149927,1397397149968,1397397150007,
106,1,1,1,1397397150007,1397397150048,1397397150087,
107,1,1,1,1397397150087,1397397150128,1397397150167,
108,1,1,1,1397397150167,1397397150208,1397397150247,
109,1,1,1,1397397150247,1397397150288,1397397150327,
110,1,1,1,1397397150327,1397397150368,1397397150407,
111,1,1,1,1397397150407,1397397150448,1397397150487,
112,1,1,1,1397397150488,1397397150527,1397397150567,
113,1,1,1,1397397150567,1397397150607,1397397150647,
114,1,1,1,1397397150647,1397397150687,1397397150727,
115,1,1,1,1397397150727,1397397150768,1397397150807,
116,1,1,1,1397397150807,1397397150848,1397397150887,
117,1,1,1,1397397150887,1397397150927,1397397150967,
118,1,1,1,1397397150967,1397397151008,1397397151047,
119,1,1,1,1397397151047,1397397151087,1397397151127,
120,1,1,1,1397397151127,1397397151168,1397397151207,
121,1,1,1,1397397151207,1397397151247,1397397151287,
122,1,1,1,1397397151287,1397397151328,1397397151367,
123,1,1,1,1397397151367,1397397151407,1397397151447,
124,1,1,1,1397397151447,1397397151488,1397397151527,
125,1,1,1,1397397151527,1397397151567,1397397151607,
126,1,1,1,1397397151607,1397397151647,1397397151687,
127,1,1,1,1397397151687,1397397151727,1397397151767,
128,1,1,1,1397397151767,1397397151807,1397397151847,
129,1,1,1,1397397151847,1397397151887,1397397151927,
130,1,1,1,1397397151927,1397397151968,1397397152007,
131,1,1,1,1397397152007,1397397152047,1397397152087,
132,1,1,1,1397397152087,1397397152127,1397397152167,
133,1,1,1,1397397152167,1397397152208,1397397152247,
134,1,1,1,1397397152247,1397397152287,1397397152327,
135,1,1,1,1397397152327,1397397152367,1397397152407,
136,1,1,1,1397397152407,1397397152447,1397397152487,
137,1,1,1,1397397152487,1397397152527,1397397152567,
138,1,1,1,1397397152567,1397397152607,1397397152647,
139,1,1,1,1397397152647,1397397152687,1397397152727,
140,1,1,1,1397397152727,1397397152768,1397397152807,
141,1,1,1,1397397152807,1397397152847,1397397152887,
142,1,1,1,1397397152887,1397397152927,1397397152967,
143,1,1,1,1397397152967,1397397153007,1397397153047,
144,1,1,1,1397397153047,1397397153087,1397397153127,
145,1,1,1,1397397153127,1397397153168,1397397153207,
146,1,1,1,1397397153207,1397397153247,1397397153287,
147,1,1,1,1397397153287,1397397153327,1397397153367,
148,1,1,1,1397397153367,1397397153407,1397397153446,
149,1,1,1,1397397153447,1397397153487,1397397153527,
150,1,1,1,1397397153527,1397397153567,1397397153607,
151,1,1,1,1397397153607,1397397153647,1397397153687,
152,1,1,1,1397397153687,1397397153727,1397397153767,
153,1,1,1,1397397153767,1397397153807,1397397153847,
154,1,1,1,1397397153847,1397397153887,1397397153927,
155,1,1,1,1397397153927,1397397153967,1397397154007,
156,